age,salary,experience_years,department,education,performance_score,satisfaction
39.96714153011233,9165.056756753847,2,Marketing,PhD,22.376013779306742,8.480250679918443
33.61735698828815,5522.440864253784,7,Engineering,Master,13.332609670125063,4.13828105825473
41.47688538100692,50589.205735206524,5,Sales,Bachelor,40.63517485967744,4.601345985152607
50.23029856408026,61289.746975579976,5,Marketing,Bachelor,7.935971030490392,9.046491514319301
32.658466252766644,1604.7873368016055,8,Marketing,Bachelor,19.34467771202494,5.469614326568542
32.6586304305082,137609.70272244545,3,Marketing,Bachelor,12.291770101918893,5.898285184157766
50.79212815507391,2668.5242839504017,5,Sales,PhD,36.408438431783374,9.608483122993887
42.67434729152909,38967.5444047811,3,Marketing,Bachelor,50.44930265597255,8.980537448304903
30.305256140650478,61732.00020306195,5,Sales,Master,42.326070502252186,2.5252003799959555
40.42560043585965,102385.17762273805,1,HR,Bachelor,51.201581039103004,5.258935269262945
30.365823071875376,62603.37364360131,7,Marketing,High School,4.244818725240515,9.74166604685691
30.34270246429743,80905.79362983629,2,HR,Bachelor,21.593485298186444,4.351296684057424
37.41962271566034,20734.13745732168,4,Engineering,Bachelor,43.96584868757459,4.344157976645801
15.86719755342202,84322.72846739617,6,Marketing,Bachelor,21.166038809721748,2.755272086102389
17.750821674869673,4175.322487908133,7,Engineering,Master,36.45821862051191,2.028908027072127
29.377124707590273,112602.5159392608,9,Engineering,Master,23.54897748023317,7.662743116803836
24.87168879665576,39658.58414394647,4,Engineering,Master,28.831243054184867,7.930274218313649
38.142473325952736,84994.88048327593,1,HR,Master,12.267675066149945,9.721116671527
25.91975924478789,30103.04859675232,4,Sales,Bachelor,24.186025471507314,7.960763898148267
20.876962986647086,51581.950086004435,6,HR,Master,63.87251188917305,3.1901724463023884
49.65648768921554,37369.89069793848,3,HR,Master,42.34033205550953,1.3610492045966391
32.74223699513465,65761.89174934603,4,Engineering,Bachelor,46.989720879685116,9.868936459326942
35.67528204687924,4257.7449944478085,2,Marketing,Bachelor,50.04585656402142,4.0640562598924515
20.752518137865433,3112.501565950754,6,Sales,Bachelor,15.116799251290555,3.8077438818917866
29.556172754748175,14191.357876995819,8,Engineering,Bachelor,67.53832817615127,9.153596887744442
36.10922589709866,8690.574325757503,7,Sales,Master,40.23981640383866,6.265899086904875
23.490064225776973,102701.7778501199,2,HR,Bachelor,3.3235459652887003,
38.75698018345672,12372.707909027697,6,Sales,Bachelor,37.42229375461284,9.001866184446156
28.99361310081195,186205.14047170465,9,Sales,Bachelor,25.4568975173603,9.94024769549269
32.083062502067236,20541.156216571464,3,Marketing,High School,49.674107747150245,
28.98293387770603,10051.855198942643,8,Engineering,High School,57.80430036334041,8.760264654722384
53.522781845089376,77960.65487971737,7,Sales,Bachelor,33.643457975975004,4.514641279159546
34.86502775262066,53750.81026707593,6,Sales,Bachelor,22.414918402968134,5.716652018560339
24.422890710440996,34477.25543617169,10,HR,Bachelor,8.851827173084843,9.233343781884827
43.225449121031886,40524.91495578103,5,HR,Master,31.26128920035,9.760412761976054
22.791563500289776,63505.94698644831,5,Sales,Bachelor,46.30354318255933,3.3594751936791942
37.08863595004755,12967.997284335337,5,Engineering,Master,14.266101057651753,2.915656938639224
15.403298761202244,280431.56160238525,5,Sales,Master,30.91835574236958,1.7246490273236068
21.718139511015693,184031.99889450474,4,Sales,High School,77.16138605256216,6.056180673959242
36.96861235869123,52537.65450662784,10,Marketing,Bachelor,15.066358183922244,1.1224395590560143
42.38466579995411,11128.588923444668,3,Engineering,High School,61.72240025400446,4.707084678489429
36.7136828118997,57007.389763768435,2,Marketing,PhD,22.15718560998294,1.660456149868077
33.843517176117594,3746.8685917146645,6,Engineering,Bachelor,22.156081709149714,
31.988963044107113,1556.605826180974,4,Engineering,Bachelor,40.119679057083395,1.3593897033904834
20.214780096325725,14898.937656944827,4,Engineering,Bachelor,8.903842557883552,8.51695534547892
27.801557916052914,31052.765093671947,8,Marketing,Bachelor,36.722001160192804,2.887650945447093
30.393612290402125,101350.99625954202,5,Marketing,Bachelor,12.66942456311641,3.9547783932212077
45.57122226218915,64945.14894089445,4,Marketing,Master,10.026682873550271,8.830431969457527
38.43618289568462,67876.8952374661,7,HR,Master,63.42739303480931,7.716394551989846
17.36959844637266,27712.178970370693,4,Marketing,High School,20.23399049793327,2.971345254778526
38.24083969394795,21227.42663447413,2,HR,Bachelor,29.36803961348274,1.6470947679174643
31.149177195836835,23184.282527364852,2,HR,High School,70.60939868330507,7.441063991698056
28.230779996940413,219703.1945758252,3,HR,Bachelor,38.22402686934384,4.516322956192984
41.11676288840868,2046.7871021964336,3,Sales,PhD,48.48352179774656,7.894719992063991
45.30999522495951,100882.14958778695,8,Sales,Bachelor,30.01248020923905,5.007652951376894
44.31280119116199,43217.587067633125,6,Sales,Bachelor,47.21094604514186,4.114021716750488
26.607824767773614,28867.454051732977,0,HR,High School,12.031519845481506,5.060848673911568
31.907876241487855,64596.078374443525,8,HR,Bachelor,33.67312113313589,7.73703087103609
38.31263431403564,33341.7151799607,5,Engineering,Master,32.52385851938542,9.119982578863366
44.75545127122359,103345.31706338834,4,HR,Master,20.45872562744851,1.4479047692971798
30.2082576215471,115481.42398101873,5,Sales,Master,34.91908832547838,5.717003871042596
33.14341023336183,27384.935067701237,7,HR,Master,32.35952475791394,1.2955188617548985
23.936650259939718,16205.395354257096,6,HR,PhD,24.948831642106274,5.215685905219228
23.037933759193294,44867.356097045464,3,Engineering,Bachelor,7.173918942677221,8.967545461872103
43.125258223941984,121727.79697617995,4,HR,Master,41.22089785672231,4.254312397782787
48.56240028570823,11828.044947501228,2,Marketing,High School,17.57420100433962,9.39205378972579
34.27989878419666,48771.07288497878,4,Engineering,Bachelor,18.079567742298295,6.675476244855485
45.03532897892024,49923.900011277176,1,HR,Bachelor,20.003027927350697,9.407398094137058
38.61636025047634,66046.50075634278,9,HR,PhD,45.28044986443689,7.814499628712677
28.548802453948756,7053.281485133021,3,Engineering,Master,54.4905706778155,1.9309164998388606
38.61395605508414,62908.24545635549,1,HR,Master,16.633829620745704,3.0803623080640934
50.38036566465969,119862.66031446225,5,Sales,Bachelor,36.814805603343615,4.547534091251556
34.64173960890049,9903.228039007228,4,Marketing,Master,16.061553062352807,2.530961938108684
50.64643655814006,13560.479584358098,6,Marketing,Bachelor,22.498750163245194,5.454204442989945
8.802548959102555,177708.85194307557,5,Sales,Master,7.203607733119874,
43.21902504375224,9982.152737757895,8,HR,PhD,5.061740377237979,9.606332782246431
35.870470682381715,96339.4883878329,5,HR,Bachelor,34.58663848808894,4.9035509460638
32.009926495341325,33891.047127677455,7,Marketing,Master,17.988213234739238,8.07064123859198
35.91760776535502,14199.848499718522,4,HR,High School,23.09096372121508,9.47719490366332
15.124310853991073,102300.30008724245,1,Marketing,Master,34.32353932643258,8.89289947876587
32.80328112162488,29466.86627799779,5,Marketing,High School,25.57664253106571,2.8780086206043265
38.57112571511746,36161.493455055905,4,Sales,Master,22.20848437167775,5.464269048281898
49.77894044741516,22254.49795889039,3,Marketing,PhD,39.79563862562379,4.129658040663331
29.817297817263526,44941.06713425393,2,HR,Bachelor,6.566233304888135,4.598728256234939
26.915063971068122,8927.864880881569,12,HR,Bachelor,45.83800499647827,4.247261436211761
29.982429564154636,24803.545318173678,5,Engineering,Bachelor,20.209424263739358,8.437232891575038
44.15402117702074,174357.90209105719,10,HR,Master,28.11443452768494,5.069251496102027
38.287511096596845,14929.294021200309,6,Engineering,High School,38.35733044372991,5.713248990202194
29.702397962329613,53462.86922585514,1,Marketing,Bachelor,18.49955084502806,9.842026213423672
40.13267433113356,19666.210219446355,6,HR,Master,37.05060992898164,1.539813449723648
35.9707754934804,74244.58453535826,2,Sales,PhD,23.60887624940151,5.391618758116739
44.68644990532889,7013.338980506837,4,Sales,Master,2.9339363118791852,7.966555362515045
27.979469061226474,175030.52272121998,5,Sales,Bachelor,5.414831573406099,2.360457623694039
31.723378534022316,30237.54610823689,8,Marketing,Master,33.34325980588561,6.503784351532965
31.078918468678424,13462.677174886012,4,Marketing,Bachelor,11.328021659513835,3.1551830158102008
20.364850518678814,3816.8861277968535,2,Engineering,Bachelor,23.182735149125463,8.806637019021109
37.96120277064576,9301.897005229697,1,Sales,High School,14.721255001246822,3.943896988600714
37.610552721798896,36674.91727147908,8,Engineering,Bachelor,40.06279976404403,3.961565352108186
35.05113456642461,20549.25399025833,8,Engineering,Bachelor,42.08478042271,
32.65412866624853,88270.49420610788,4,HR,High School,11.00924074025664,2.6520661730791786
20.84629257949586,28183.85953427962,1,HR,Bachelor,15.953913841346859,3.5639977501275495
30.79354677234641,14298.46184879255,9,Sales,Master,20.449896580838246,4.749686651074704
31.572854834732304,48004.94582867339,4,Marketing,Bachelor,24.7752264535516,4.182740768260993
26.97722730778381,61341.13034796724,2,HR,Bachelor,2.1379702724627485,5.723894962050242
33.387142883339905,9138.597384292341,4,Marketing,Bachelor,31.496524530816405,6.396761296620697
39.040508568145384,9173.263506538035,3,Engineering,Bachelor,3.283461589008803,6.100007083751481
53.8618590121053,1868.0364004741368,8,Engineering,Master,17.542144343105672,6.88751480792739
36.74577812831839,66666.50603949171,9,Engineering,PhD,20.138763640480164,3.7697456494703823
37.57550390722764,54503.12625735495,4,Engineering,Master,5.89181715651683,2.1378360443952524
34.25554084233833,32182.70848176464,4,Sales,High School,16.677178971284153,7.847267872879694
15.812287847009586,92949.62453380751,5,Engineering,Bachelor,18.00057925107407,8.657023443676138
34.73486124550783,81909.91605846757,11,HR,Master,45.30403211571708,3.31305609000189
35.60230209941027,44016.55068179608,8,Engineering,Master,42.57829911888244,4.663827605422178
59.63242112485286,101350.53132645013,6,Marketing,High School,5.992465100845593,5.487122952671998
33.076390352188774,11523.592518528678,2,HR,Bachelor,43.21365165290487,
38.015473423336125,5934.651069514229,8,Marketing,Master,8.352747792682544,6.935411539788866
34.65288230294757,15718.390286405398,7,Marketing,High School,13.076543185743542,1.374429100197892
23.313219623804677,2939.0553364981356,6,Sales,Bachelor,11.81332967491035,7.493293744606153
46.42822814515021,37875.70214169719,5,Sales,High School,60.71916407611678,1.5577390628146923
42.519330326867745,137919.06027009833,3,Marketing,Bachelor,26.149566329909945,5.214597109055811
42.910319470430466,2006.9208204691117,5,Marketing,PhD,24.850005005129457,8.449040220122747
25.90612545205261,6511.693999155837,3,Engineering,High School,29.260379207901615,
49.02794310936099,30092.162415096547,3,HR,Master,17.952743109912536,2.34180773891423
20.981489372077192,135810.43269379972,7,Engineering,Master,15.893682110587527,9.865304605053637
40.868570938002705,19001.28055283935,4,Sales,Bachelor,6.591577641137601,9.00356915866837
56.90455625809979,35386.12518856726,4,Sales,High School,47.37504739938912,7.941822699025126
25.094636748693116,2123.086650052585,6,Engineering,Master,58.0847327316781,4.703604426092894
29.33702270397228,8028.582566820946,6,HR,Bachelor,20.29599347054169,2.65461154200368
35.99651365087641,215737.55422666893,3,Marketing,Master,34.734706892468964,9.47270063276651
29.965243458838007,167790.21539099546,4,Engineering,Master,67.95020205777257,5.791160138654251
19.493365689338674,247.61114869138078,6,Sales,Bachelor,14.506481556097341,8.671199143487366
35.68562974806027,151632.03993394077,6,HR,Bachelor,16.599399979432444,4.078855051834832
24.37696286273895,50960.48067842505,6,Sales,Bachelor,49.157165181170924,4.017594853715235
39.73592430635182,101216.72834882553,6,HR,Master,3.9152253439208606,9.869864326066352
25.80575765766197,30324.613454600476,3,HR,Master,27.882825567538482,5.696497436453648
50.499344050175395,36241.803434888556,5,HR,Master,46.20859108113519,2.266258814746717
27.167467076637628,33554.274975443,2,Engineering,High School,9.016820476995651,2.9770721019523667
31.779384837943244,54960.26185327917,5,Engineering,High School,23.859980234893076,5.337498514534487
43.135172173696695,7520.872710472859,3,Engineering,Master,50.109965352650285,1.382238194395702
22.69135683566045,1521.5990459985635,3,HR,Bachelor,15.510284712895789,5.162805868404704
37.27459934604129,18403.404400689044,5,HR,Master,9.641786723511975,4.770467578721148
48.07142754282428,60984.91737704197,11,Sales,Master,25.50784322319104,8.014026387875383
18.925167654387725,11273.152721830518,7,Marketing,Master,37.639723139949034,4.194477680403176
36.84633858532304,55955.92046659895,7,Engineering,Master,32.3465553603216,9.842938853856394
37.598827942484235,175181.51951146047,4,HR,Bachelor,31.803818971260007,2.6269292737081282
42.8182287177731,4930.319686089349,1,Sales,High School,70.42478666331667,6.318880164713214
22.63049289121918,55828.95419522681,4,Sales,Bachelor,13.973764187517435,
21.795433869157236,29326.89198785868,5,Sales,Master,20.637209996411098,7.604775855945838
40.21941565616898,101301.58110967583,4,Engineering,Bachelor,40.679764440954656,9.952783192557744
37.96984673233186,9749.05495293219,4,Engineering,High School,22.285386991052658,8.37224773976469
37.504928503458764,58984.49381901769,7,Marketing,Bachelor,41.4978878604744,6.001331866482712
38.46448209496975,91043.54307988228,6,Sales,Bachelor,69.96032858341671,5.362672216597228
28.199752784215093,144671.61936901364,8,Engineering,Bachelor,17.36169932828987,8.515269651401622
37.322536971610035,57481.81174923111,4,Sales,Bachelor,27.024798260082544,9.423766762396518
37.93072473298681,34375.63063057698,3,HR,Bachelor,35.33754010183696,9.902858732182837
27.85648581973632,48096.74277754707,0,Sales,Master,16.60290045739577,4.568853048080357
53.65774511144757,101591.64546839557,4,Marketing,Master,11.675467175673985,9.91825727315061
39.73832920911788,42269.45460345029,1,Engineering,Bachelor,35.93788427327753,2.4033362695644835
23.086965027973513,1542.9158866952598,4,HR,Bachelor,32.15150819062752,3.281947983387183
41.5655360863383,133645.27536495865,3,Engineering,High School,25.940007461251785,1.8011451226050657
25.253183297726785,58482.87680055752,5,HR,Master,27.90982086138345,3.445646648360335
42.87084603742452,56429.877193974455,6,Sales,PhD,9.001566453357565,7.911437964562101
46.58595579007404,12146.599900901198,6,Sales,Master,52.62539810243907,8.676319223606047
26.793176816482895,53776.849683404434,4,Marketing,Bachelor,17.89072406103639,8.010033805923145
44.63376129244322,25032.57824479294,4,Marketing,Bachelor,22.103672291926753,6.679592003509266
39.12780926936498,52667.55678436183,5,HR,Bachelor,76.97158596261303,5.62569861270381
43.2206015999449,5635.653439134802,1,Marketing,High School,7.127561884457647,7.378338602922819
53.967929826539475,53624.615923292826,9,Marketing,High School,16.985470583158722,4.517501943404996
32.54611883997129,372086.1454852203,7,Marketing,Master,8.436149928098763,8.571775163497318
27.462638356425103,2470.6499447150345,5,Marketing,Bachelor,31.300402077444044,7.094710845791068
26.104855703744768,188993.15562811142,4,Sales,Bachelor,26.698610790878984,7.280242286449677
26.841897150345616,26120.284122729863,5,Marketing,Bachelor,5.947916558579895,5.823423938161641
34.228982905858956,102301.67305078765,4,Sales,Master,38.80457614428043,8.967060857900552
38.41151974816644,76251.50284671462,1,Sales,Bachelor,30.883695655102706,3.2681326031114724
37.766907993300194,41852.75529632762,3,Engineering,High School,19.57049629836366,4.430328880249457
43.27183249036024,67056.33929263293,7,Sales,Bachelor,37.20297727226787,7.998783127099202
35.13001891877907,105398.45504791698,6,Sales,High School,25.40592717558794,5.434740065164039
49.53534077157317,25887.503932435135,10,Marketing,PhD,31.03418333867732,9.002926120817717
32.35343166762044,19802.961239550325,4,Sales,PhD,60.971117154024014,4.117593877865671
62.20169166589619,55069.815858615344,5,HR,Master,42.47113948715284,4.323971519376803
41.25667347765006,82472.89214855367,6,Marketing,Master,47.3804080311688,8.998622104479628
26.428424435837172,71834.1684410256,6,Marketing,Master,70.2029297700254,5.17933288163837
24.291075019388877,79928.27382238877,8,Marketing,Master,26.215796758848164,5.645121257822381
39.824724152431855,28598.124837094325,4,Engineering,Master,34.64757536328679,3.9948734380211146
32.76537214674149,85141.90531929316,3,Marketing,High School,41.59878514177539,3.4900294796117373
42.14000494092092,6403.548132678573,3,Sales,PhD,25.589928270015644,6.903538397545528
39.73237624573545,39316.781417214144,9,HR,PhD,31.192029465923877,
34.271710873431275,288.7652758126927,7,Marketing,High School,8.150328234668917,8.913453770646184
26.53206281931595,19621.459547159393,2,Marketing,Bachelor,15.073793352665726,8.01282823088597
19.851527753141355,22821.728131459306,2,HR,Bachelor,62.559671789102126,2.716734373352225
30.53485047932979,25223.35175943337,4,Marketing,Master,6.328809400911995,7.246179512421088
43.56398794323472,59448.82510155721,6,Engineering,Master,39.607699815274,6.423696291570714
37.14093744130204,24596.767135570324,9,Sales,High School,36.39157244279369,2.660815456629797
22.54261221288012,29773.229278196424,11,HR,Master,54.78411899651155,3.4588315544520922
36.73180925851182,13560.532436598896,4,HR,Master,74.50512030237014,4.68087853360451
38.85317379728837,23360.52002753381,7,Engineering,Master,30.836993471523627,7.293184617209265
26.16142563798867,12891.254876652441,7,Sales,Bachelor,6.649036024292807,6.748510679353053
36.53725105945528,3800.654412769361,3,Engineering,Master,16.35508022622571,5.790113629090281
35.58208718446,46247.47976592281,7,Sales,High School,14.79769227856492,7.915694888026308
23.57029702169377,55163.07375355345,5,Engineering,Bachelor,33.355774725229246,7.821439656455493
38.577873603482836,48312.18650742091,2,Marketing,Master,6.141850969094424,6.560732386560303
40.60784526368234,31133.88075084737,9,Engineering,Master,42.203373607792614,8.082910750463427
45.830512431752766,23884.517238994995,6,HR,Bachelor,12.471255332435515,4.008370373012883
45.53802052034903,99510.63609473775,3,HR,Bachelor,13.155692940353767,
21.22330632042909,36602.90274007968,6,HR,High School,36.9439905738882,6.534190772217467
25.621749600848773,32617.719575762472,3,Engineering,Bachelor,12.779610265241665,8.401271624311875
40.1503526720866,1298.8276971007238,2,HR,Bachelor,43.61252030699675,5.916511943112556
40.13785950912209,20870.39407053988,8,HR,Bachelor,9.412873752621525,2.9659442048981233
40.150476863060476,23917.56824494026,4,Marketing,Master,9.899450184144957,5.881691158104777
73.52731490654722,25443.27570989996,5,Marketing,Master,53.050863386050025,4.340004973989293
40.70890510693167,43395.552743263535,4,Sales,Master,20.328987309668342,7.277491324333851
46.35565640180599,38135.855217643446,3,Sales,Bachelor,29.21946933268253,
44.54001763493203,46812.56791374099,4,Sales,High School,19.98947329805721,8.52501524434919
41.51391251305798,72383.65643934406,3,Engineering,Bachelor,54.00660052191115,7.10265261089725
31.847307553596544,83828.52007425824,11,Sales,Bachelor,49.51312514809156,7.160899897281915
42.589692204932675,63314.23719156955,6,Engineering,Master,31.52929587500346,2.9543980014195848
27.27174785462428,155639.93625021027,5,Engineering,Bachelor,69.3636279280648,9.858247898421613
32.63181393259991,920.0422291350013,5,Sales,High School,35.034441007182785,8.575076883443398
30.146364521708964,10893.995535625647,5,Sales,High School,21.49747483385461,8.101043961046251
35.81874139386323,379.58092657078447,3,Engineering,Bachelor,19.136420022472677,3.971937026440247
58.146585666735085,52131.64632038758,6,Marketing,High School,3.7332105875348605,5.820684875625087
16.32734807408252,114154.10050332385,4,HR,PhD,44.01585421890969,2.233928692668958
41.86260190374514,13951.467213888674,5,HR,High School,28.320784133771497,5.846283789964354
18.872841288103483,130888.45831118594,3,HR,Bachelor,18.012714484191854,2.3130032183495857
30.280681342105666,3107.995096936032,7,Marketing,Master,18.502876838103436,5.977340595906411
45.889505969673664,136236.44615000588,3,Engineering,Bachelor,15.586011116484395,6.83849692139415
35.64280019095463,21664.12396532692,6,Sales,High School,18.114917708663793,4.5117637052491215
24.222552220706937,5347.023069596843,7,Engineering,Bachelor,10.398292180034517,5.486903904981639
27.846962907400318,33264.12744497058,1,Engineering,Master,38.05297191031599,8.880880489071274
41.79597748934676,14837.928153908595,6,Sales,Bachelor,50.95565437277113,1.9770683023252844
27.696333682828634,16764.749629583097,4,Marketing,Bachelor,32.17672881014361,
37.16458589581975,18357.18935806393,2,HR,Master,30.198854442435547,2.5367909589657676
35.45571839903814,81234.15099827117,2,HR,High School,27.986399327032828,1.3303718452416555
28.48399652394183,38735.356906913024,5,Engineering,Master,5.2751817365947336,2.67017142470543
56.439440893253256,18648.034787672626,5,Marketing,High School,28.05019222585956,7.885388709734407
41.33919022318011,47123.238047725616,3,HR,Bachelor,22.83996738255909,4.64613466003174
14.74857413342393,62965.58623240507,5,Marketing,Master,42.81833325931109,8.852684651615636
36.86454314769428,15915.5871104023,11,Sales,Master,21.80722390576183,5.722367870640392
28.38213535231612,26683.316697955106,2,Engineering,Bachelor,37.26605477501752,1.2002531673369785
43.52433334796224,6498.947976070027,6,Engineering,Master,29.059651295362528,7.450422486417341
27.074792615672994,9992.678386106936,5,Marketing,Master,20.53721912937987,1.9920961784910944
33.85263558533101,57146.68463130851,3,HR,Master,37.61069475141626,8.10441670115732
40.049872789804574,10010.328074182362,4,Marketing,PhD,58.552782253424176,2.5129229482466204
43.657551941701215,37239.224986605004,10,Sales,Master,5.301349098992494,4.109017472249621
22.997035929442237,61729.54997198428,1,HR,Bachelor,32.391005230396594,7.8514428666282425
31.654987641590516,5651.544176023522,8,HR,Bachelor,52.46098688418803,9.588082217287795
30.25054688839044,41886.94362840734,3,Marketing,Master,11.439489877351381,4.342905555820591
28.46670767426288,14823.548004624206,5,Sales,Bachelor,8.272098476258856,8.464601981790423
52.65454240281097,164743.1485903963,4,HR,Bachelor,13.591462938027812,2.7171303892825485
39.049817109609556,33038.418566340355,11,Engineering,Master,41.07760349660084,8.26461793182242
22.391160456649548,81992.93587176796,3,Sales,Master,8.918747218441398,6.91744653330626
44.17861947054776,39950.562499680556,4,HR,Bachelor,62.202361977078944,2.7346915649113157
56.22156197012633,2219.1524639933064,3,Marketing,PhD,4.144961636901274,3.722535643162704
45.32465260551147,50140.299178717614,3,HR,Master,39.886426735235844,2.185937997373324
19.806300340459867,151210.02600623664,8,Engineering,Bachelor,12.858227927008523,4.446703099578819
30.157659271337486,46016.42113769123,1,Sales,PhD,28.882987151403295,2.8328377701094967
47.669111491866225,85515.11073538645,5,HR,Master,19.54727587144261,
27.923305343812192,107797.32650770167,7,Engineering,Master,12.374689549003934,9.950545937985028
39.43819428146229,12943.703291825012,3,HR,Master,15.331801911858728,1.1080824677583774
42.74634053429337,11915.704709007789,7,HR,Bachelor,14.671381607801152,5.868278319585688
25.73069528421917,47206.35323547652,5,Sales,Master,41.829118965821635,6.162999377941087
34.404746439382,26468.87161667886,7,Marketing,Bachelor,43.70903206149548,9.227879107127308
2.5873265993092716,91585.7491084462,5,Marketing,High School,35.726668316608595,5.554048012902438
24.756123586657104,115140.81768564279,7,Engineering,High School,12.297107789087027,5.893312776804257
32.4743184860684,21803.023921175736,5,Engineering,Master,38.54333723480915,5.244875211955497
22.522168180351507,13516.380730422154,4,Engineering,Bachelor,31.212605488186103,3.4201387410533326
51.32411303931635,75825.96478962243,5,Sales,Bachelor,43.58911348486975,1.5042621992402232
20.698586220393672,16065.806136708288,11,Marketing,Bachelor,8.6178503500556,4.677919139888525
30.59955513303016,86471.44627595175,7,Engineering,Master,42.48963788133191,1.4733232411661068
36.30740577286091,27559.66503777051,6,Engineering,Bachelor,24.468516611160457,5.95443222519326
49.412732890661154,55063.27516026851,3,HR,Master,24.509392907780715,3.7656427891806383
20.641378488205607,5020.60086455629,0,HR,Bachelor,22.295148455596358,5.802421613728851
46.63163752154959,48889.60345326871,10,Engineering,High School,77.76135440450838,2.2086726795566802
35.10233061019587,30052.80689813925,5,HR,Bachelor,6.803400454621341,9.393669691654237
25.18491348952049,44168.00520333024,5,HR,High School,18.365117736418256,9.050691191949413
39.62103474263271,9196.995746157896,3,HR,High School,33.691306811165624,2.7099685828205606
36.9905969557347,66756.06523742664,4,Sales,Master,20.535891679991966,4.090998549646089
28.997831228412053,99314.71316059388,2,Engineering,PhD,46.7281386660764,6.521434946667816
35.69802084990019,12214.516334426968,2,Engineering,Master,5.0259966950896935,
31.1468640313824,5030.510563140048,7,HR,Master,9.366740800394279,4.191110390045358
36.13517345251248,1196.1229965786995,3,Sales,Bachelor,4.085101683859419,3.2600105813710547
41.62130674521047,51357.134402479365,1,HR,Bachelor,37.58968404899572,9.23965055845027
50.86016816145352,46709.248666195905,3,Sales,Master,3.6854233396468135,8.672595726602847
22.62184501173151,39559.77066917829,7,Engineering,Master,70.96650640246506,6.218494671401774
56.330333746562665,13194.83314706444,5,HR,Master,52.23074649468074,5.6831170318441675
15.479122004774982,24789.13325326026,5,Engineering,Bachelor,5.191128724986718,9.376532150908574
33.482149049644164,45128.8023769661,4,Sales,Bachelor,19.91563086530683,9.391850046809338
40.883172064845766,34335.0857495958,5,Marketing,Bachelor,31.98500492575564,9.723971128164944
37.809918677350325,220256.65816906633,5,Sales,Bachelor,2.8630511454772285,2.1284099569736887
28.773004801794063,7334.580630766366,3,Marketing,Bachelor,34.61708689200421,
32.918777496427246,59395.87812102318,3,Engineering,Bachelor,31.837973011659944,
30.069990653411672,25902.48004051997,6,Engineering,Bachelor,14.945871396662232,5.872910289488604
29.106352430557884,27948.266282585788,6,HR,High School,29.453805317833353,1.1661931440391236
43.496020970210246,63221.14307095265,4,Marketing,Bachelor,48.4770083954087,
38.57015485965047,58953.62876599073,9,Sales,Master,29.96787663852169,8.992723440329247
28.07090404739346,236969.34039321847,6,Engineering,Bachelor,32.93914159450353,8.819837159854476
43.995998754332504,6870.906206829155,5,Marketing,High School,27.696947378209142,4.215438297964406
38.072995208766095,5496.862502032771,5,Sales,Master,21.149392636336568,9.019455552374811
43.1286211883896,64429.138283677115,4,Marketing,Bachelor,25.21549332428678,6.343075669581117
41.29628841923612,43183.362523399024,10,Sales,Master,10.5107936033062,8.253150823170117
26.710049890779278,16021.329622501307,6,Sales,Bachelor,4.013902731341422,4.846879640441928
29.398189598030307,4137.534367389873,2,Sales,Master,33.199293405559146,2.0205849461041785
42.472936051232615,4477.543553195397,4,Sales,Bachelor,7.874365916152397,4.9035435638141465
41.10370265433465,112305.92562327946,3,Marketing,High School,10.3069235599335,5.115698181972081
34.79098406035852,10651.4515929982,2,Marketing,Master,42.176007017628585,5.9584977445654275
36.17327383308782,19531.64964737904,5,HR,Bachelor,28.337773243815583,1.950244416139852
47.77664895788425,12851.591504781665,6,Marketing,PhD,35.02973896485699,9.922616767446502
29.084286111641703,21924.961740521037,5,Marketing,Bachelor,7.012403282427777,3.197231387262157
40.470973811700375,3597.5680365814915,10,HR,High School,24.4187118324172,2.7869716318338362
32.97807347566106,36600.61610127674,5,Marketing,Master,43.48358208852604,5.741226269703429
32.8231879677278,3500.3423188720685,5,Sales,PhD,68.71629760349924,5.834873614553998
45.9877685198719,80561.10210796261,4,Engineering,Bachelor,26.38556932146614,
43.2541634898803,13309.865384210301,4,Engineering,High School,14.404084611442153,7.94702931692729
43.135096360006386,38827.734557429736,3,HR,PhD,36.62406274206344,5.649889606557425
48.05478807154329,106046.14082448708,6,Marketing,Bachelor,16.79122872440416,6.487259096304857
35.21003841632759,52616.6020205132,4,Marketing,Bachelor,18.12963768737185,7.5137174686700705
41.81952971294964,38066.781628736586,2,HR,Bachelor,50.62075234851777,1.2252259140747994
31.89733243406544,19602.8021242073,9,Engineering,High School,9.06463585220678,6.135797642905403
38.24166352488442,20248.40506119234,5,Sales,Bachelor,17.31667807204571,8.957750241055322
33.698569456323156,55355.457528486804,9,Marketing,Master,24.40953112592272,1.1564986863289053
35.96995964992718,256974.83373536522,5,HR,Bachelor,14.379920560771994,4.646638934208649
40.95157025436914,54211.68634826156,5,Sales,Bachelor,19.9901860459942,
26.817793167665275,40797.77554839906,1,HR,Master,17.369749980588665,4.17838962054284
55.92387275685461,65587.27620964056,5,HR,High School,41.88374415714198,5.128559417802168
24.93982618500298,31293.646399120444,8,HR,Master,59.87785409229255,9.833872537398815
22.85811387212268,3101.342174160877,6,Engineering,High School,24.836081012497342,2.7939147305551644
46.581108735000676,41310.71300719805,2,Engineering,Master,19.917319537334528,1.5872967021250535
42.91662693962936,158060.17136476675,5,HR,Bachelor,18.14622442458785,8.734803317751739
41.24119817052155,9636.958147035177,5,Marketing,Bachelor,10.947551503206263,8.816188070911316
41.2834550926428,58559.937923412894,4,Sales,Master,35.67569616352524,5.248700512120118
34.87753227153085,11215.567187112898,6,Marketing,High School,60.03292688989978,5.627864570295577
26.027456285141685,38374.97130132232,5,Engineering,High School,28.5356410086136,8.522257326560524
35.75804558193726,5083.724185118044,6,Sales,Bachelor,36.407561708451745,7.647035483042156
28.228382884878883,29925.582892294035,5,HR,Bachelor,41.59696564948003,3.386341019953096
44.75119733417751,70562.83292712283,4,Marketing,Bachelor,33.3875207693723,1.152040195643666
33.52942618497861,21352.688074272708,7,Marketing,High School,45.2368737856345,5.317301462801912
26.745028032074885,54668.063643804424,5,HR,High School,41.593776888189716,8.730210934860771
31.786141583470066,79347.13214581751,7,Marketing,PhD,6.810375805667366,
39.12931454275624,130986.73463521045,6,Engineering,Bachelor,31.347934008013933,9.606035773685385
29.36275447196025,13370.584385777782,4,HR,Master,26.064428030101027,8.91606913851503
26.777796044335687,25484.30664572674,8,Marketing,Master,12.676124422928215,6.220391997682885
37.436872114919126,8268.26726612014,4,HR,Bachelor,13.970307450314767,5.001450393124908
37.44966571108723,244532.74810240275,3,Sales,Master,31.389536231946312,7.973648618806892
29.9305682462887,130865.45485792862,5,HR,Bachelor,18.39391703481424,7.658394709290368
30.28961694381677,38821.77993995613,10,Marketing,Bachelor,24.961874692510655,5.84329087073309
37.32049937357636,92268.54960309858,6,Engineering,High School,42.24753556290305,1.785946353026222
20.519156585026757,36798.34776491431,4,HR,PhD,9.58799130081746,9.334732121082268
20.925362256234447,48853.24243108654,3,HR,Master,24.20272352711839,5.100422837514959
27.81555778747564,4667.448977151091,3,Marketing,Master,14.97279019297048,4.270004037246379
32.86552848288153,70380.07175778695,5,Engineering,Bachelor,42.63543711003709,6.666106556518946
38.10907565598005,6831.866761445356,2,Engineering,PhD,16.8725418518168,7.064541650502792
49.753562169495524,87454.43674676697,6,Sales,PhD,47.585525395904334,2.896191253272713
43.576596232020194,76169.45335093325,2,Sales,PhD,33.88894966701369,8.532449603289606
33.40061470036573,61677.75345468045,5,Marketing,PhD,38.441000787624354,3.609433842961401
34.80983792097311,1841.518402577656,2,Engineering,Bachelor,43.04393705512759,
24.97470635362191,18057.70200257751,6,Engineering,Bachelor,24.13131418195958,4.657598675690477
34.8148686400761,15266.006958956374,3,Sales,Master,8.618670955004212,7.575040728077187
32.11341361079862,22325.013100975848,5,Sales,Bachelor,10.747401323318224,9.689123605958232
38.227185603380896,4586.182028618881,2,Marketing,PhD,44.54267506006086,
26.72769056447677,138197.5650446037,6,Engineering,Bachelor,15.744845222770792,9.463135399031726
40.193465142411725,40349.65093815907,6,HR,Bachelor,30.80222474887386,2.2654522366887413
50.32738913002578,18229.90609738011,7,Sales,Bachelor,50.812457772478545,1.6405911897730912
33.91239851543143,25290.371555329955,6,Marketing,High School,22.551222366921234,6.019342857160041
39.01711722098941,29638.18011213151,6,Engineering,Bachelor,21.791828022495256,3.612677347396309
41.90143991711113,45888.8835110396,4,Engineering,Master,32.74421531264742,8.452494756723457
30.987795281141636,36250.41260227198,4,Sales,Master,17.45372124789055,7.047890842620935
37.24092481810417,125907.85232588233,7,Marketing,Bachelor,60.302647030964465,9.73655347587215
35.12592400781795,34354.62564603948,5,HR,Master,9.507879208487218,3.2931312015817378
35.97676098548832,242413.16326801176,5,Sales,PhD,59.132571015334214,5.372057029197092
27.269902161445337,95333.25566641401,8,Marketing,Master,8.823065741382349,5.51116429682818
35.245101742589426,11691.934191971593,4,Engineering,High School,70.67802077840867,3.1525911537163855
39.979982912454496,133389.9730294427,2,HR,Bachelor,9.737656920736468,6.31084059539207
49.51143607795042,6185.638975497147,3,Marketing,Bachelor,37.486985055677444,4.989573874713155
44.59270826085207,85036.47870053629,4,HR,High School,18.822047887634035,5.020494003908863
56.531824575115564,23952.080933354857,6,Marketing,Bachelor,14.738344135280371,4.2646298317523526
27.326524371119504,105176.1884121618,9,Marketing,Master,42.964293199122906,1.1523641718298157
43.723206367206785,101269.14595778134,3,Marketing,PhD,8.717296141224375,5.698857132233101
36.83342005738352,81975.63291787238,5,Marketing,Bachelor,48.27583797627467,4.01723052130298
56.89802933217672,78039.63467821306,3,HR,PhD,43.32115957452374,1.011878820858967
26.917017146448487,18169.093479589337,2,Sales,Bachelor,37.79111635860572,3.771493368957388
26.60278157819224,4219.066460037473,4,HR,Bachelor,14.855995094889993,3.507654997807813
29.00607354555978,25790.24823711498,9,Marketing,Bachelor,47.947506466770626,4.541033379012722
13.76104275690193,9529.251168332878,4,HR,High School,5.253006198027943,2.1866679067905723
29.74244978319239,59364.1575488737,5,HR,Bachelor,27.238314519320056,5.56915442171576
27.40867338446302,21240.02131065532,8,HR,PhD,20.423402329699634,7.2319631726631695
36.50393786476208,185679.51510635414,8,Marketing,High School,32.96292687209411,6.671670121491152
38.41755975777159,51217.755726806216,5,HR,Master,40.81214415609747,8.233794528122715
53.761708392158866,86433.75877049688,3,Engineering,Master,15.080935371520626,5.068074591883731
44.5042383818605,7108.410438327972,9,Marketing,Master,49.77104603272156,5.6718255730575535
29.23096344337597,99030.32716682255,2,HR,Bachelor,13.417164578335877,8.29361746773085
26.01585328651642,128040.07243080664,8,Engineering,Master,15.257506076372632,4.849310537373147
39.919191715065054,33380.00702741247,7,HR,Master,44.06123493686226,7.314394149096373
21.797667929793576,46602.327491249525,6,Sales,High School,25.389838141531257,4.911421318461927
53.31458765854354,72368.03671659189,9,HR,High School,27.18793372718365,4.759625750604064
46.79440120721287,9608.815422728963,3,HR,High School,11.112413433830175,
30.308243478952953,34914.627410819725,6,Sales,High School,41.45936910104011,2.5735322391959006
17.868654709091224,25429.99078347839,7,Marketing,Master,25.154649747577906,4.047273747474162
48.538723741654124,7913.105552263051,7,Sales,Master,12.599008660891947,3.017550490722116
33.85460154747382,22906.474122836575,5,Marketing,High School,41.231879266069896,4.231989486708374
47.378163119734616,3530.3681352055105,5,Sales,Bachelor,11.384706839470397,3.073373401294216
19.05572341205633,1307.5439984406323,1,HR,High School,41.543675102212504,6.214650679779892
29.006249770462272,7260.901616428179,7,HR,Master,3.395953158524765,8.183537223560606
35.05243699718183,164997.6669988554,4,Marketing,Master,25.825528907671497,8.079517550961118
35.46980593764742,39873.13832790614,7,Marketing,PhD,67.54185018289107,4.280508680939132
30.499345285207564,168808.8915942053,5,Engineering,High School,29.23185874888206,
41.228499323474985,28325.539550412494,5,Engineering,Bachelor,9.420476682316494,6.344689282352207
24.323795706174057,18684.961416535203,3,HR,PhD,23.2785880865129,4.594602716004653
33.576205149787064,35275.34873886499,5,HR,Master,15.034660472137828,8.51985351317283
36.20295631711899,28947.344531327417,5,Engineering,Bachelor,33.19797054907192,7.568866113783768
40.14438834058749,5583.725029919597,4,Engineering,PhD,15.962923513222172,7.74347803141694
42.1161487808889,51197.460219874636,3,Marketing,Master,31.226583978008236,2.7652541476048444
23.753579081621307,12169.748099916533,3,Sales,Master,44.88795940904336,5.2149187663169965
19.658858292643778,48325.014225288185,5,Marketing,Bachelor,24.16754714192602,8.756453177421424
47.77676821898509,52519.84196623098,10,Engineering,Master,15.575661836575334,5.536342068658816
38.323140119795916,8245.197577722322,2,HR,Master,25.462485314293172,7.151074690789453
27.515134634434464,3165.6104475265693,5,Engineering,Master,39.98739638024344,6.291403597308381
50.51151975522523,75879.77466119651,3,HR,Bachelor,41.63350936602757,8.581211089465437
36.156746342928585,30790.831104569315,4,HR,High School,41.26013301391979,3.5610475578544234
46.792971840638266,2996.1950051907925,6,HR,Master,22.230386035669426,6.179277500977284
35.67518481410109,263596.59883683326,3,HR,PhD,20.210554573368732,2.109112012088236
55.60747924881987,2975.8540712211843,4,Sales,Master,46.996871859201825,7.211896990295211
52.55340842443204,59377.95067500756,4,Engineering,Bachelor,30.39231524760021,7.587710545174408
32.51035851520926,205764.90388284766,5,Marketing,Master,39.41774589734196,1.3855358907009858
44.71570950954356,13667.930847857351,8,HR,Master,59.75943525180516,7.082118672651866
41.45375949585147,7672.0930616792475,5,HR,Master,18.642650327975872,4.732211387492077
48.68631557532349,6470.420301200467,6,Marketing,Master,51.53807611424077,2.116871884987141
25.350765394198955,18068.23529705549,3,Marketing,Master,5.618909073111792,
41.86051459998439,5326.160177578075,4,HR,Bachelor,47.1509615372814,2.7480963672602354
45.58424486849588,58908.97349640917,5,Marketing,Master,38.797144093509985,4.740035789109848
17.412605135768857,3215.8231899763546,6,Marketing,Bachelor,32.59027728997422,4.459051251626749
23.16741487334225,35608.56262173184,7,Sales,Bachelor,53.66213216088783,7.6455247324245175
14.607678222398995,285643.9943399967,5,Marketing,High School,36.547898967661084,7.9679400234972295
32.305931655554424,84092.43883383577,2,Engineering,Master,25.834667198728,6.46325788946092
42.17542255795962,47754.103830993685,6,Engineering,Master,18.51022572192372,1.2041815796420279
50.02357052096028,18282.441654349263,4,Engineering,Master,7.159692236894764,9.379200511638945
35.74094780419775,48894.45714095118,2,HR,High School,28.37349767764871,7.176099520868029
51.286155455712915,37437.37779397671,4,Engineering,Master,3.0396540925930986,1.3077590492906994
21.198985417851084,27763.558065834786,2,Sales,PhD,39.2907840947582,8.369496092927061
17.966175606448452,7003.946293017256,3,Engineering,Bachelor,11.87646813212447,2.8023953924619653
34.44452301103381,108843.55299060237,4,HR,High School,37.848809511924756,6.212990706139961
38.840654489393074,29872.27648963911,7,Sales,High School,24.543220114118885,5.199709329551684
34.67305251905907,10822.20910307068,5,Engineering,High School,46.52470733023034,
14.325578999601234,22924.259169146764,5,Sales,Bachelor,7.66092694240153,9.007423481119577
34.10879960487212,26732.8467310067,7,Sales,Bachelor,22.412089292740177,4.936251624063532
21.95530499495147,87878.88755452666,9,HR,Bachelor,31.07622581436636,1.6780970581583565
41.69672548830039,66140.51614296391,7,HR,Bachelor,20.752717906493064,9.519748544934574
38.66598246096848,73332.9163085096,6,Sales,High School,22.279424621920295,9.284817081156648
25.60120213672645,554.6280010766932,6,Engineering,Bachelor,38.059583744855516,7.159894206234389
29.861330826633065,26905.90132204877,9,HR,Bachelor,12.725747782556587,5.211032753188225
24.407864781110483,32825.73605190803,2,Sales,Bachelor,19.940635350034853,1.8357352564916913
34.37320902726828,968.941973322315,3,Marketing,Bachelor,51.15197253188626,8.116733067197286
44.551423205012384,15042.635201091314,9,Marketing,Bachelor,28.601412341540478,1.6793012298162606
25.142739536644562,71416.2340857189,3,HR,PhD,10.028122412451781,1.617408864056311
40.040465155178445,7373.385866694463,8,Engineering,Master,66.73432176742485,5.836454581954313
29.69742381627559,38319.25226324291,5,Marketing,Bachelor,21.927688100727952,2.4411541616617622
27.071271677376558,12116.437803844688,4,Marketing,Master,25.877916834701907,1.0695724060631409
33.929696400454425,609.741512438881,9,Marketing,Master,62.52497587976844,4.808020878962076
24.647576775806257,13800.948092514967,2,Engineering,Bachelor,3.23531017045897,2.2349550844905934
29.463506946528177,186222.7511571439,5,Engineering,Master,25.325194201438826,2.4446387375262213
23.021221074111516,80857.65789807736,10,HR,PhD,59.69323207913993,1.692195748618012
54.64725132916389,160417.37750956166,5,HR,PhD,1.7082749259269088,2.8458437835124895
35.35263551971729,33457.2812055584,4,Marketing,PhD,8.003746781794412,7.439357617969504
28.002744920074143,5811.872709759626,7,Engineering,Bachelor,28.089936600992253,8.280345764960122
37.13979910734222,39699.17385008472,3,Sales,High School,29.730468935588977,5.072802796263706
33.8767195030917,30291.381554346426,6,Marketing,High School,14.657918754870034,5.558984342932759
32.79030400466777,93009.54436999046,3,HR,High School,40.9463424195691,
41.14166700043425,5161.615804331192,3,Engineering,Bachelor,14.181114095373745,1.6238463523418516
42.57507710047305,33495.08678149231,4,HR,High School,13.25414391379613,3.318109530845652
29.694988523894725,8128.8091858962225,1,HR,High School,34.44420881211604,5.895085786418328
29.2418175935532,19628.12975068522,2,Engineering,High School,21.549284817730893,7.655960338614936
32.24948302848356,66847.99390123955,4,Marketing,Bachelor,14.410535621579967,6.445027552042298
11.98078835264415,32314.909664580886,5,Engineering,PhD,43.58588120814235,4.5291506948810945
19.84808937801448,23571.29482107963,8,Marketing,High School,19.235727673330576,2.0649166570282436
48.66874267444525,25083.07700792891,7,HR,Master,10.289932840027928,8.026959113984706
51.449677135012834,30758.108045846162,7,Engineering,Master,19.04657759332956,4.274074464391514
32.50963960443622,76859.7100947232,2,Sales,High School,27.819542521843875,7.624486130345106
40.765569630557664,111320.42581618733,6,Marketing,Master,5.274181703537225,5.616809577229077
38.112501545435364,155427.903151115,8,Sales,Master,33.814675954201306,7.647958482056427
65.78880808455239,77300.48152278487,6,Marketing,Master,26.264740348927667,9.165606053073146
46.195749114345766,18946.531280202562,4,Engineering,High School,18.958890944313442,9.289265644484217
33.72082408519233,58259.196734051024,4,Sales,Bachelor,41.621714350597095,5.815961020005431
25.444595593995743,28777.374668244694,4,Engineering,Master,15.805369561363431,5.603575282890749
18.935536797424277,14696.452012448884,1,Marketing,Master,30.619928482658338,3.3911061895255354
37.03463635867223,91902.18630952892,6,Marketing,PhD,22.100948926709414,9.422198483763623
27.436492547156966,1959.2058371878027,8,Marketing,Master,2.758535551508797,5.121272504796588
20.77746290402326,116018.1046520186,7,Marketing,High School,53.69502213534969,2.1483211535863944
28.534271157574736,30946.29674196398,7,HR,High School,6.249207466671704,4.894344231638949
24.18451996385605,50695.38156672787,6,Marketing,Bachelor,49.664692118720374,2.1434792521420354
51.871416350725646,53845.561785813115,6,Sales,Master,56.01778037479068,5.522785158313676
43.816397569494505,112745.84490295104,4,Marketing,Bachelor,25.59162953907526,6.05147963370591
34.92027358683383,50622.144600213556,3,Engineering,Bachelor,30.48426524874241,4.039801853442268
49.79944138890026,47587.2932055436,6,HR,Master,13.318749124137828,1.644855528083362
35.77368307647618,3448.86003909527,3,Sales,High School,20.88738912502645,9.491531820699151
26.387157986717362,36532.90209946091,10,HR,High School,18.025936663920774,7.960178021350867
50.23124077269657,8135.888687831075,5,HR,Bachelor,4.21555332226711,8.54992972454609
40.38910043684659,66862.59595713725,6,HR,Bachelor,38.663938988199874,4.301815548576065
24.627538456735437,35894.73661627142,6,Engineering,Master,32.103352202411145,7.847479270175055
33.09661321916392,57007.31733357541,4,HR,Master,21.45847308629632,5.368356056522748
26.24381746615243,2128.3059708177175,6,HR,Bachelor,18.184410502783432,2.8097513956544136
21.17200269035664,4430.196733423926,5,Marketing,High School,28.64000119952676,2.1198103921649194
44.26177547531641,62996.018999146334,3,Engineering,High School,38.2908393904147,4.1054578238985115
54.094166404701305,3740.721481731317,2,Sales,Master,42.488256705170066,2.237969003276257
21.01432426180859,3696.146343450604,3,Sales,High School,48.53284534068068,9.984420785836617
40.62969236690571,609.1190004897985,2,Sales,Bachelor,8.975684956749921,1.4427009120881986
28.49357430878173,156751.32431098947,8,Engineering,PhD,40.912725852203494,4.970292394321689
30.12874616235304,66876.80215078304,7,Sales,Master,20.0814187509053,5.068841701513457
29.07606075761131,21789.88178668496,4,Engineering,Bachelor,47.154001986526936,3.70568735723508
26.36009230320184,17586.89906150494,3,Marketing,High School,15.660116849193791,6.142164091362508
35.48521627944827,21516.322533344002,3,Marketing,Master,10.176325124539167,2.349793217363902
26.69049883588962,74505.80998658252,6,Engineering,PhD,14.49859368713775,8.055211425285103
37.704568257798385,54142.45088142516,5,Sales,Bachelor,43.830664665505964,3.992029464228745
34.49761890550863,10240.357755499981,1,Engineering,Bachelor,11.4183958024522,6.322083308187776
32.6105195313359,9564.644072751096,8,Engineering,Bachelor,4.809606642893039,7.440753124602634
25.924363379584022,5178.974559716974,9,HR,Master,53.46623713304456,9.00137905921145
29.232286694316674,53985.02050167564,4,Engineering,Master,12.048826447551491,8.5220869280698
42.55391225825756,72275.1899611858,7,HR,Bachelor,46.400900951908085,6.474781252932036
40.009171876243805,15397.397477679515,3,Marketing,Master,47.94011512220575,4.495538623454983
25.22444755201449,1058.3709225807563,7,HR,Master,9.171733168201547,5.528842030674675
35.99332305429226,4287.2453728468045,5,Engineering,PhD,30.285496158509336,7.9186131404092235
42.51387123371789,171882.75014186715,6,Marketing,Master,24.349246828773033,8.897909883035258
18.305947188786284,17509.42826518127,8,HR,High School,22.360518615635776,
40.43360192379935,73315.20216520102,2,Engineering,Master,79.14225730120393,4.463706362437481
28.373762410541534,48996.6252744019,4,Marketing,Master,44.34723591758304,7.985049385721505
40.70598668593159,24058.457791466288,9,HR,Bachelor,17.340115317151167,4.884865863345649
27.36740843457483,11513.900947795177,4,Engineering,Bachelor,54.691504440628606,3.9900498765965544
16.95117899335481,6470.504452855058,4,Engineering,Bachelor,38.77569484568002,
18.724575621168373,47727.281423974026,3,Sales,Master,30.789571704415902,6.425602721077158
35.48084946661382,74501.42791704588,4,Sales,Bachelor,0.7263757171461416,
37.59722501721482,51627.78167818545,4,HR,Bachelor,13.82591955456103,5.436931861940786
25.956833748955916,37783.28138432362,6,HR,PhD,24.30689510667672,2.876450274588345
41.38592458777374,2142.829365455452,7,HR,Bachelor,15.654616733559127,2.4656191775118526
18.3847993773104,172870.5764876777,3,Engineering,Bachelor,8.897941878799754,1.3811477272877286
34.33920201352684,80151.472442218,6,HR,Bachelor,38.934270464765206,6.029355114264893
22.889838002375434,17323.64643188236,8,Engineering,PhD,18.090948105377258,5.901148823399508
28.48163892197841,195527.02863586092,7,HR,Bachelor,58.827874941042055,2.8471053410227825
35.47398671316414,46050.290223474,3,Engineering,Master,26.197895080252604,7.257964658073103
26.395866347160478,43664.275102242515,4,Engineering,Master,22.42030494700105,7.669963374667127
31.154444557701748,68930.83141025073,6,Sales,Master,35.0996683752917,3.331883848439001
45.0629280921444,83504.47669219384,8,Marketing,Master,29.12894413015327,4.0968978762676285
29.231081304768512,53425.29453740248,3,Engineering,High School,63.117322127680296,9.91424505112531
43.35692112065142,6853.783099019248,4,HR,Bachelor,20.354163130636245,4.368380210656608
23.70293145342382,20644.694615775414,3,Sales,Bachelor,21.59979620249407,7.847215045804917
40.298041779152825,131612.57532121032,8,HR,Bachelor,26.06677378364492,5.07452883966946
49.415686206579004,12719.819393547197,1,HR,Bachelor,35.50972705502943,8.140103450748782
10.283554998727105,23274.055470633983,3,Engineering,Bachelor,18.631706801907033,7.921209149043831
27.031047445295233,28288.46133593655,7,Engineering,Bachelor,23.215525781562977,7.00980422678682
40.7707212718054,28937.827046166647,5,Marketing,Master,36.867580729451795,8.693005116660213
32.96954613957007,47458.72402761159,9,Engineering,Master,11.418207608876486,9.452966453899167
38.71145873371309,143301.7691890098,5,Engineering,Bachelor,49.56278575478545,6.219849884068755
28.960148132841795,13767.436213709321,4,Marketing,PhD,27.926987108559615,3.1372201650047113
35.865897874729,6477.046900247617,5,HR,Bachelor,10.740830137964005,4.587660654796675
33.44322764607921,10999.332594693238,7,Marketing,Bachelor,20.128193260791193,7.824751421619639
46.67782061659807,108985.1540550276,3,Marketing,Master,39.19981834692072,6.8579513661148255
37.54420843301213,51896.20405381139,6,Marketing,Bachelor,11.459161428395008,2.6001850470872387
38.37602662075202,16837.08889395092,7,Sales,Bachelor,26.754864032487557,1.4611558703178225
30.881230338775325,84626.55938873602,4,HR,Master,9.843169945417332,7.146654341878584
30.123937759275066,98797.33695998476,4,Sales,High School,4.991888613218734,3.259711216264108
30.67441812180379,93707.40639905377,4,Sales,PhD,22.569289164655395,5.4970321935614805
38.944521423782966,125619.9771637116,3,Engineering,Bachelor,7.2207681367183305,7.720720952613348
30.79015519179737,14533.728620730772,4,Marketing,High School,40.34507328608111,6.0640010259069985
37.89774856896413,70333.41104115277,2,Marketing,PhD,8.552324103808056,1.7497232480061675
55.75400798645439,30859.28539260571,7,Sales,Master,52.76420666290272,2.6702221310519985
43.711247034316926,92257.55435367259,6,Engineering,High School,57.37700878871005,2.9739536562782725
31.73976467832159,65187.94009673784,7,Engineering,Master,11.365311988711943,3.320778282803604
47.012139221639444,74905.43769327964,5,Engineering,Bachelor,10.647411080764439,6.088630527554538
30.919246269784487,53379.20953421046,4,HR,Master,27.42113886057109,5.535692018428541
14.618754648221461,9766.009881197293,5,Sales,Master,32.93806685668704,2.8284403452778806
24.91913689082596,39375.85120961023,4,HR,Master,19.690408189431718,1.6079935911011836
16.292080789741444,208896.32975084728,7,Engineering,Master,43.640676155339456,2.542889840272463
31.484865159586914,138539.96940037163,5,Engineering,High School,12.108326863623995,9.85943181356743
35.184183791895514,2206.6723058793036,6,Engineering,High School,15.645745314117907,5.21692254812325
51.76437312275283,9005.090057537745,5,Marketing,High School,44.3811330085629,8.806109542319012
38.269273737641626,7062.557007634263,2,Sales,High School,14.10699842130818,8.63877220001959
32.80899471191136,64727.69270301935,4,Marketing,High School,29.453840091389228,5.6036760171658635
43.294055811834895,85128.4890347923,4,HR,Bachelor,17.864919484986505,7.360189376144891
12.88864690992115,12008.850417502643,6,Marketing,Bachelor,25.841635973423415,2.7347680937144103
37.356145581085656,35246.08069197645,11,Sales,Master,74.17286179171847,7.195570344342174
42.708651938869664,91849.25352389019,6,Marketing,High School,16.62061448569709,3.4514612133696057
20.214137542201584,65988.18093235882,8,Engineering,Master,39.59829973711974,8.488558870787358
46.43754043206929,39070.207247689745,5,HR,PhD,19.193068422531585,1.7535171979801891
38.38496407494414,44622.32522850161,3,HR,Bachelor,56.52281175188521,7.9582480559674975
30.847120860991986,35500.4825034203,5,Engineering,Bachelor,20.53864616227934,1.8994321591175758
41.32781866106285,17658.942500081026,1,Engineering,PhD,39.410998242031845,8.93070313204878
57.70692857804396,41622.990373407774,8,Engineering,Bachelor,7.392480436454201,3.7378406632150334
36.81866255058495,58379.68155484062,6,Sales,Bachelor,22.032996958202514,6.8895402834751724
37.48220586300336,103305.70375537263,4,Marketing,Bachelor,44.309092290139176,5.3875205075825185
30.40639100459756,50570.10774374272,7,HR,Bachelor,53.61623473597367,4.29672830736105
26.501556305352082,71590.0189792763,1,Marketing,PhD,25.709791500658923,6.808976498651468
43.303358165442454,8721.93352445619,7,Engineering,Bachelor,27.90049178600554,9.527706824961141
26.439161740911327,30953.725933318798,3,Engineering,Master,26.21672892208705,1.3714277263715968
35.715662372193925,468.7716082228078,9,Marketing,Bachelor,43.52457603472743,9.26967570294794
30.223425532348834,14163.183367893345,4,HR,High School,31.94680593685647,6.481734895189121
39.78979825746392,64815.68428056429,2,Sales,Bachelor,26.115527604796196,8.265828706921472
38.33662105286948,240241.77204430694,4,Marketing,Master,28.46226510378223,4.454874580908498
45.375399442578995,5222.385485554639,6,Engineering,PhD,33.130660885440264,5.246586773538524
29.89983601145253,25665.962836070965,2,Engineering,Bachelor,22.915594185139604,8.819656766210475
32.30125064706629,80489.64094508742,1,Sales,High School,14.812965960966421,4.733631728288408
25.212362842176926,11410.043063078187,7,Marketing,Master,32.59043712343745,5.8119361007417645
30.557067399238882,40493.595617380786,7,Sales,Master,40.661985862427045,1.1817543077589963
38.77300493044852,66038.68412840678,6,Sales,Bachelor,24.05867530959992,2.427382052542381
42.56988616645352,47853.74185823829,8,HR,High School,8.407769239056732,6.775178571773198
25.778346758223748,10414.270031672502,7,HR,PhD,40.707807571460705,7.452792109574894
43.6960592010566,21955.068526149535,5,Engineering,Bachelor,29.57251566345398,6.2434084310604945
48.55637858804951,76575.66874469937,6,Marketing,Bachelor,23.61184340024365,2.289790326480496
39.13434903223701,40397.21675980883,6,HR,High School,39.68348699518038,5.008648857200513
53.76795812558066,262.1667917122488,7,Engineering,Master,13.220870900235942,4.195852897268709
27.26210800896427,71562.65334138118,6,Marketing,PhD,40.334084995298504,5.460952096315795
22.55345296688583,1797.4938655777103,3,Engineering,Master,13.5863779971311,8.83296131098685
17.212797510957213,68468.6730676522,3,HR,PhD,13.465139637544732,7.9827529479278665
49.96044311489183,11312.453432593607,1,Engineering,Bachelor,1.544282188739145,1.7559055125024305
41.54365656354058,158591.8359779893,5,Marketing,Bachelor,14.051778729741715,9.01278277997108
34.44415329089545,22938.60706448017,3,Marketing,Master,29.97868641008978,5.245904360348412
37.799686263198204,19795.417215167818,9,Engineering,High School,14.041945257499755,7.694759303973986
23.745109527016233,8060.580416755945,8,Marketing,Bachelor,45.45736248076888,2.2603530813791695
59.45751979616826,18235.659317442864,4,Engineering,Master,12.083614873595657,7.036475731363432
36.292211819752275,104636.78060883195,2,Marketing,Master,23.436304771439215,3.1269341584851214
36.09394794604893,280437.31153545284,3,Engineering,Master,34.787458281959815,4.945428074268384
42.25766623898692,22967.788413439004,2,Engineering,High School,34.23662762451973,1.1517658307389396
39.810092317367136,29765.703025518476,4,Engineering,PhD,52.53065703672194,2.3644957413742844
37.23884024279131,64019.468562245485,4,Sales,Bachelor,23.285348886758573,1.828724438112578
27.095255445546883,108663.78397315071,5,Marketing,High School,61.7615693887606,3.157697556444326
39.714683571359956,44952.551433930836,8,HR,PhD,20.53165031952698,1.9001628102189003
53.82024496475034,24840.029972796572,6,Engineering,High School,13.168749857704867,7.227190239576057
48.454200461549775,26604.322157516865,3,Sales,Master,31.67041608408801,
50.93186626639397,59473.61343779221,5,HR,High School,18.452405223454853,
29.88784323568815,161.17266761173124,6,Engineering,Bachelor,20.331075400445034,2.2663704774301685
25.10395179741419,48325.19594462926,3,HR,Bachelor,33.38216071364024,9.506453114601072
33.74213079900352,21963.480586487476,8,Sales,High School,13.138044795976208,9.397846657988689
35.557249122886944,79041.8744055398,8,HR,Bachelor,6.324390760614179,3.0295279226886636
45.94191518470949,4880.125449492802,5,Engineering,Bachelor,12.87162977978753,6.529791684007265
18.075353702851807,44361.14946889184,4,HR,PhD,64.87924838370803,1.252047875252126
50.29550319460614,32789.95809468057,2,HR,High School,31.96944417569556,9.386096887460567
33.419921014210104,51406.599823732235,6,Engineering,Bachelor,15.171463273501185,5.7068857737253875
30.7311893005258,3352.608925534093,5,Sales,High School,35.074171301507015,1.389008362760011
24.878956247398325,43373.098354407215,6,Sales,Master,42.278712720924524,4.082499937073236
18.451433281342307,41218.01603014403,7,HR,Master,9.196537367485474,1.691645156751108
43.231705839619146,41124.0946550342,3,Marketing,High School,38.5361987177955,4.536499954360239
35.73317967188404,46252.406635370586,9,HR,Master,32.31882665235935,7.029337079451908
22.10039100258946,56422.8528911877,2,Marketing,Bachelor,33.88875698100011,5.229009172372956
22.04921227936384,81734.96550579964,0,HR,Bachelor,16.292247510403442,4.45349957247509
31.642153007098717,15723.259306312464,6,Sales,Master,17.839875646104772,2.072413409864183
51.69021525289393,87162.58444056155,4,HR,Master,48.49163003593945,3.204451411242907
32.40408648636395,34483.23081298047,6,HR,High School,25.705148111661515,1.90128958964516
19.96857046881894,4009.4593731684563,4,Marketing,PhD,23.79862410580946,8.267488584909946
32.54256935914056,3016.75130375288,5,Sales,Master,22.074923776985923,2.217158451862503
32.27276430252329,20341.175418012743,2,Marketing,PhD,47.166351014795104,
8.031133570584284,76831.90946985042,5,HR,Bachelor,32.83249737616272,4.084663722299613
34.45705133482188,61495.46920103921,4,Engineering,Bachelor,25.783822714252803,3.0338054618966517
32.69065469791322,77703.69982367988,3,HR,High School,17.969070586194164,
41.96206364813418,36414.7916607594,5,HR,Bachelor,2.461492471074006,5.113020784392466
53.48956094945345,29008.69559489516,3,Marketing,Bachelor,25.051157957171498,4.601309205561032
46.26565029547757,7976.319211344142,3,Engineering,Master,6.609157336065342,6.335668044029994
32.31111309445169,19889.190766618263,4,Engineering,Master,26.901662430214863,5.421408656410007
23.934740912583298,28459.77086096166,8,Marketing,High School,9.065240914107422,3.731357876964047
60.733598032498605,4638.693580128087,5,Sales,Bachelor,21.849935232173827,6.031551589887265
35.59218434014488,12462.31109903065,4,Engineering,Bachelor,26.056103739150032,7.025487188956251
35.13929291912946,45593.189022938044,4,Engineering,Bachelor,57.06834092833037,1.2402384272816884
34.758749128899964,66526.54534548505,4,Marketing,Master,36.03162846392685,5.192845560169078
36.98084760767855,320273.64403170714,4,Sales,Bachelor,36.28613250039044,1.519149561251894
33.556395880760576,135237.78022021576,7,Sales,Master,21.715952423828224,2.6776487266129996
29.263379931197637,51440.115490143624,8,HR,High School,29.424962138518712,6.044578606701758
29.531410587596078,27344.06549742989,7,HR,High School,26.639412300629097,8.795700237390227
34.672467297840015,50554.43978899272,3,Marketing,Bachelor,8.92920808299338,8.945251112696363
29.565752288662352,77007.63173715463,6,Sales,Master,23.90066155672906,1.6294960912476815
27.871542173228356,6297.2232243017015,6,Marketing,Master,21.07292273575339,4.77194577658036
36.064302276918966,26373.577558486442,4,HR,High School,21.642005292509804,6.247058347040961
32.450227825791444,91567.32559190152,6,Marketing,High School,54.72493869283011,2.3236291409530905
50.039929885826886,24211.85851424566,9,Marketing,Bachelor,37.87117287415269,7.8888899507029455
8.490301916069882,42416.68481050225,6,Engineering,PhD,58.338804214745835,7.698117325935149
45.91506851922462,44308.614126586945,4,Engineering,Bachelor,42.75510844694913,
47.46085192497629,10196.236897517547,6,Engineering,Bachelor,31.560135513143,1.0763741087509873
14.266097675918505,22489.30472744652,7,HR,Bachelor,23.702370423108583,2.950158195901024
31.573124059196513,20361.68020443175,4,Marketing,Master,9.35545927190486,8.444680428207896
31.285591340042085,1327.2977607334806,3,Engineering,Master,23.71957867006162,7.035220457442419
20.924883052821787,1224.459563526516,4,Engineering,Bachelor,23.81574409369454,9.049508683286417
27.221833124091248,89099.48060695697,5,Engineering,Master,38.87193407943008,1.5146168907723987
23.894241545341714,15946.310321501753,3,HR,Bachelor,27.476277477775934,6.372675691447985
52.52270443423623,36498.72968592603,5,HR,Master,7.494848643164599,6.1214191740430675
44.35678393147461,17742.79950399465,3,Marketing,Bachelor,52.443030349751254,1.3210697472447914
47.71555094994159,141239.80180792615,5,Marketing,Bachelor,1.7684521390555517,5.621698692212352
42.21672064043235,15007.760910029716,5,Marketing,Master,42.7297983792294,6.485682801789318
23.709482287827708,28075.85082092952,5,Engineering,Bachelor,19.59848805217326,2.721638567818965
29.754797337202262,103072.32165577964,6,Sales,Master,55.10786365892353,3.459966248121966
39.89374561227918,92236.99354910641,6,HR,Bachelor,18.501098363461562,6.763126116679634
22.778721911080545,10295.975634528098,6,Engineering,Master,19.765247293061023,5.214708528399625
42.12998430172388,81137.12886243968,5,Engineering,Bachelor,19.327038782484642,8.722122918114941
32.59674601841865,30641.707324122748,7,Marketing,Master,10.651836267262906,4.081435894082695
31.251791924504026,32982.609877689625,3,Marketing,PhD,34.12863492955961,3.3999369254938103
42.10959968203491,7163.5028448951325,5,Engineering,Bachelor,22.759080133553603,9.863793463103585
39.4426331148604,4201.782103666168,7,HR,Master,16.72511938341364,9.20022193117075
31.3903383418092,65086.505072571956,2,HR,Bachelor,35.74195759479862,1.2609347049908188
46.59329803364248,34304.720729842506,8,Engineering,Master,46.00899890488855,7.936557537759093
24.189366724001026,28710.525207056566,4,Sales,Bachelor,20.491693772307745,1.9930129644268266
41.15935606944264,65375.6800657519,2,Sales,Master,12.006405910052106,
40.93101257968384,72517.73494836927,5,HR,Master,18.478701943532343,3.46325964369714
31.904535606860097,8652.721538019974,5,Marketing,High School,27.922134192977122,3.4241129115499387
38.26133022242118,47109.30064584235,4,Sales,Master,14.89831737621103,8.373868861122682
22.48886423614697,7271.759976393737,6,Sales,Master,25.493194568047834,7.396005213485516
44.24027019206901,69590.49439136748,8,Marketing,Master,45.772923982615396,9.834484845988129
33.15097863557011,53494.705030797195,4,Sales,High School,37.300603948280134,7.4036161028063665
29.772769794809605,156881.6392980162,3,Engineering,PhD,24.1933614254779,4.764299979304431
45.49009225836889,3572.545375426614,6,Sales,Bachelor,19.434148790406404,7.290348948506952
27.95656309457241,2937.3513412418733,4,Marketing,High School,22.538161838423264,9.995131604677619
20.915387036364404,16577.314679743202,2,Engineering,Master,27.479236427628468,
19.433708264760963,15170.63656781916,3,Sales,High School,17.965687441951214,7.855132203822865
41.06009951345639,14183.094814786362,1,HR,High School,14.543779363131645,
22.19570647503717,118358.62371081547,9,Engineering,Bachelor,14.975303248587164,
52.54794181984364,14353.859428180333,5,Engineering,PhD,31.137887688689347,
14.18070592116278,15869.25878270974,3,HR,Bachelor,17.980173862363586,8.65725362170704
51.96456368290038,71230.61267985805,4,HR,Bachelor,47.443769691309306,9.589407401988037
37.11017467202618,29868.20494325285,3,Sales,Bachelor,23.556579929859726,2.8987236074052944
34.032868881296075,74964.31991292298,4,Sales,PhD,37.713332225068996,
29.550809131910505,3380.021938096258,6,Marketing,Bachelor,20.49967441940197,7.124993628800336
38.991361143520706,33429.67460518684,4,Marketing,Bachelor,38.87199808577723,3.227209565512037
34.62365297575152,1709.5762468974915,2,Engineering,PhD,25.10035520791301,6.404255769252466
46.03301882016521,3235.097575531596,6,HR,Bachelor,9.525520581795448,3.3182090424819943
36.142276486620396,118456.2559072742,3,HR,Bachelor,11.750358289075633,4.001113184784826
36.50301761461878,7497.289952322251,6,Marketing,Bachelor,27.72455747006247,4.973668268597786
31.36387787786144,38009.314053110495,2,Engineering,Bachelor,17.18089038494982,5.762710888719103
34.43054376278933,26474.57109592807,8,Engineering,Master,5.119282750384223,5.044292844626356
38.07801768892059,21335.202779726827,3,Marketing,Bachelor,23.842844222876007,5.438759678091363
17.898316073433744,115045.99685044134,6,Marketing,High School,73.56938824172977,3.6872988065946335
21.51814577894287,1103.2524677500764,4,Marketing,PhD,34.46936748519134,2.4306858462036756
42.43264094022715,54500.91904163448,5,Sales,Bachelor,12.7254045138601,1.426149795941555
36.708654381279416,165377.74897341835,6,Engineering,Bachelor,46.11456899657432,2.763808502425009
33.16016663647321,41068.1430140426,1,Engineering,Master,47.130970328355716,6.237492773552047
35.184339330653934,138090.32264595595,5,Engineering,Master,27.954511209525855,8.07503903022819
38.47581705361671,2683.6419147912025,7,Marketing,Bachelor,27.208385710156758,2.523228376986051
29.602403196906387,27132.442614864805,6,Marketing,Bachelor,10.96782394313307,1.976998219953836
27.216952745976872,15065.917327534436,6,Marketing,High School,13.71812301336208,7.743613244943252
36.958452550976816,65618.92815365702,7,Marketing,Bachelor,41.01418308682222,3.746424974835607
25.21627222384968,198953.8089420841,4,HR,Bachelor,27.909489287860325,9.563494953046172
39.082527557144715,14821.34737918257,3,Marketing,High School,46.28738983785971,7.428861735493357
17.974163957621595,53091.06299150158,8,Sales,Master,6.811675300622808,3.940804425187278
45.29155637325644,11038.420756713982,4,HR,Bachelor,31.81871574188498,3.6058847301433445
39.72597482413043,41658.43710739792,5,HR,Master,14.27074329416523,5.713285476441781
37.56029734313876,31174.758408616093,5,Marketing,Bachelor,42.470814015575726,1.712302014503885
44.82690983945514,178787.05654540577,3,Engineering,PhD,18.747246624360287,2.059088613807691
51.65474444462576,46891.971401886665,9,Marketing,Master,2.842536315242263,2.5827209318457327
45.1437006501813,21501.188837645528,8,Engineering,High School,31.44921084794702,7.972512339741042
16.591257686683548,6057.322178781008,6,Marketing,High School,32.817031745183144,5.624716233422102
22.204230332642986,8199.343186071814,3,Marketing,High School,65.35021069625077,1.0951041049699866
28.751814223043212,12765.063757044116,5,Engineering,High School,30.057359651654476,7.061648747248981
35.26091050210834,14448.589278068492,5,Engineering,Master,4.777631449471995,4.813211607944474
40.17659020469123,95061.77471315552,5,Engineering,Bachelor,47.45810123808488,5.597671284674181
27.742561868465344,41188.17425583972,3,Engineering,Master,21.19473025938957,2.9270461907164202
36.86766764477078,37052.93223927217,7,Sales,Master,15.60687623173739,5.966040055546933
27.446170676466775,6095.325317064895,3,Engineering,High School,37.54710239687405,9.812379157763397
28.884821970080516,98355.55820775437,0,Marketing,Bachelor,25.34853003520312,1.661002219051853
20.933389031517777,64153.38059369303,6,Marketing,High School,19.464470594497314,3.5552565969798757
25.767667538890958,3503.334635975815,6,Sales,High School,18.299127087537244,3.186978335747468
21.483153943836662,61521.84503012271,4,Engineering,High School,12.521596639393909,3.2369437967606163
25.241267470226674,39212.515030869195,5,Marketing,High School,52.863042905690904,4.408357218088396
45.536417966078396,4262.937273483413,9,Sales,Bachelor,17.75103180684654,8.362988062697507
25.50601111168057,30652.20603033512,5,Marketing,Bachelor,46.30452550928736,9.215728209679487
61.32382064837391,33149.940920746754,4,Sales,Bachelor,50.12707004246917,2.8199357871307598
39.93317900880889,9062.578881090823,3,Sales,Bachelor,33.34659053244904,5.886549441533015
36.84836123694874,145659.8463699748,6,HR,Master,15.194116146214762,6.7320907494893225
26.416422198187867,94847.79041173424,2,HR,High School,18.348012115355928,5.696447269274604
42.003098794089915,55285.219513010896,6,Engineering,High School,43.859933060381394,4.906687547772276
29.243621737622263,31022.311983444284,6,HR,Master,5.993116490234429,2.7277795527331405
36.220098146453616,26531.4835878422,6,Sales,Bachelor,4.030222102805482,5.393974232793147
60.60084538268795,52630.36671570293,5,Marketing,Bachelor,12.645117810239098,4.61093344940196
34.0394010027535,39420.37371518962,3,Marketing,Bachelor,42.24194086988315,8.160070262520428
46.49273326285676,3214.8265013563278,4,Engineering,Bachelor,63.91543571916729,7.872439232466957
27.968235748741126,35923.52109670177,4,HR,Master,32.76788680991415,2.2059881308510363
34.65011509503038,82098.98941840662,5,Engineering,Bachelor,53.40361752102806,1.796671473067608
52.7080063563551,30738.974756611504,4,Sales,Bachelor,31.648696319552883,9.173385489047527
28.730329422122324,2667.7486754224665,4,HR,Bachelor,47.512610611829636,5.81957550068048
53.12448557996929,77154.00534056185,5,Engineering,Master,21.411320214797044,8.720208435543316
42.07751935455475,11242.4866842937,5,Marketing,Master,35.89741663408477,
29.375332241057322,14962.154537418512,5,Marketing,Master,40.00690993666633,5.738640548694672
41.32407739055521,8998.597170870082,7,Engineering,Master,17.71902114211273,5.854838631186127
44.7255444962673,20039.93052358571,3,Engineering,High School,12.51503881670946,8.74631829287935
41.21809962217196,70683.5873908258,2,Engineering,Bachelor,28.024628605465356,1.8784899840673677
19.297752801095434,36634.52667620214,4,Sales,Master,7.005588854185129,3.1640100730831837
27.728628241751316,11463.19173935442,4,Sales,PhD,25.02506688189201,4.6588448249831185
32.52481364448495,105117.12006327439,6,Marketing,Master,42.334129177139445,8.792573278779479
34.25566570899954,105839.25255399171,3,Sales,High School,60.58116159194468,9.449949835635103
41.206720975506784,102234.00900512183,5,Sales,Bachelor,15.171407389464948,9.93452157634265
36.777010009332535,13642.708320346039,5,HR,Master,44.57565102870697,9.632741378126694
21.64655641289899,30004.644821614653,5,Sales,Bachelor,6.0022378096669975,1.0534758025991897
38.801978510059634,209950.78624649753,5,HR,Master,62.44661644440433,1.4293750730848482
41.10585745283823,73923.21860913893,3,Sales,Bachelor,15.52136263796822,2.328461372418298
40.5979044793104,1377.1639318440762,10,Marketing,Bachelor,40.153694804736936,4.139758870932458
45.807807255546216,3371.3793909555257,5,Engineering,Master,11.918930762973687,8.469262278882628
43.33922154548904,31174.654888553145,4,Marketing,Master,18.249768128181607,9.033905758019324
39.59180079228437,119965.92748268404,4,Sales,Bachelor,28.52983048526913,2.6815096566512473
34.29834288541353,38685.52930019602,7,Engineering,Master,29.12447793097951,6.576977364577378
18.390390664840087,34439.0869524446,3,Engineering,Master,31.915076322821363,9.25625786558749
39.296182191325855,5573.048725830222,6,Engineering,Bachelor,34.107550113584296,5.173585623381887
37.076876871631114,53469.19715654812,2,HR,Master,19.738334086870715,1.9318921475750557
37.715788371953735,86327.57253150998,4,Marketing,PhD,12.67807874348196,5.1203228507616245
22.232514241796906,23935.67309835921,4,HR,Master,8.025293285420737,4.382154120592515
24.189434595917376,74718.89591691858,4,Engineering,Bachelor,74.30061288624272,6.198921964594063
45.53152853332904,166878.25810260492,8,Marketing,Bachelor,26.557490721121983,4.947928159663933
34.60444846143345,11393.137155670654,5,Marketing,Master,4.914074903700301,1.1561133416834615
41.81500697372624,37046.50388510679,8,Sales,High School,51.355836985321645,9.94597960072304
35.28318376130461,16923.368344452694,5,HR,Master,35.03509281555539,5.891862139575139
35.297561394957455,78716.6721608737,7,HR,Bachelor,44.086338357155576,5.262676799361486
44.382838059759976,43089.342046982245,8,Sales,Master,12.39330381124557,9.591556343536485
29.839552717826262,50335.725891663795,3,HR,High School,33.3230982621781,2.4027433082836938
35.96120776940983,79953.13597255331,4,Engineering,Bachelor,36.66155742399653,2.703138422907234
30.377247112949576,25206.60979608902,6,Engineering,High School,39.393979347663816,8.272132741565052
30.655037725676845,123308.21063064827,4,HR,High School,79.68472260416823,3.347479720225079
31.908278765313607,38074.39187276906,4,Sales,Bachelor,67.35999653534887,8.193043956623743
37.22133771633713,8596.080579465919,6,Marketing,High School,6.470213240360205,3.4438013461765227
30.212513783365225,59519.7892248194,2,HR,Bachelor,39.17978937156955,1.2986886720250133
47.55756125573521,78814.99229619774,4,Marketing,High School,12.445421046301888,5.6531325149804434
26.053926977804963,19045.577239785514,2,Sales,Master,10.360153273399572,2.7701779071417523
33.13128355838641,97308.24902566812,8,Marketing,Master,10.023246637744517,7.82061663639224
30.60268941725825,118299.28230155833,7,Sales,Master,5.015599189091167,6.770796699089333
49.46977884353733,16210.69797852322,2,Sales,PhD,22.046964564547174,9.31242401180126
36.965547765115744,205284.85611408693,5,Engineering,Bachelor,18.626569791868945,8.046895215391622
45.31844539468635,7582.5295190252755,6,Engineering,Master,43.39776023646527,2.6269835935665418
20.14439626963028,11283.31581573379,7,Sales,Bachelor,27.001518673500108,8.201424129983167
37.67050265869259,10180.825013378586,7,HR,Bachelor,54.391371058284385,6.77563340332621
43.89630795623437,112210.95570920662,7,Engineering,Bachelor,38.64879202273905,7.020564775845624
35.82283989275424,53108.11942673517,6,Sales,Master,11.296185739637272,8.49036597373134
45.654803750653514,8249.88131251519,5,Marketing,Bachelor,47.000120196378774,6.164416622700462
29.827115498996278,29019.809744493596,5,Marketing,Bachelor,28.91228632614371,5.1940316291771165
49.0934744018558,47764.31677739809,8,HR,Bachelor,27.672242706327353,6.729769318228552
57.9889812361925,4357.701266682868,7,Marketing,Bachelor,16.359988303960275,3.6816168606252315
31.37161439560341,107030.27201711366,4,Marketing,Master,43.53189454890449,2.6433741797838937
30.54497478599228,81380.9942226804,5,Sales,High School,9.80605097577999,6.549290542641217
49.53384477117701,35180.76640409181,8,Marketing,Bachelor,6.979793553285893,3.1046353217692992
50.795721457307124,170754.59615250438,5,Marketing,High School,3.5831728145660997,1.7192359841194604
29.771399728467316,27043.71135146974,2,Marketing,PhD,12.998581291161088,1.0049876612672852
30.798131829041427,207104.2688225587,3,Marketing,Master,19.418709903932655,6.474874612600604
32.18215391139493,55118.96858173445,7,Sales,Master,19.970815676467897,
21.55549488965723,50347.88547467605,3,Marketing,High School,32.79636990617553,7.770798736061104
25.813480535158018,9073.389785331738,8,HR,Bachelor,68.61956860974271,4.376587584817922
24.95859233247932,106822.93120440278,1,Engineering,Master,61.89701373104327,5.374031034144041
27.322024348958713,27886.22656751126,5,HR,Master,40.44516664776185,4.663764755338464
34.65315112613219,8850.78722413422,3,Engineering,Master,9.604364805147588,6.855173119984115
37.342147325365204,634.3834561467812,5,HR,High School,62.99735596390102,4.205252458134714
50.50500492814077,41021.27208569378,5,Engineering,Bachelor,15.751796523853933,9.67390884948078
25.01645959261209,37475.25573292516,2,Engineering,Master,8.821085402579461,9.425322879386771
44.843223984765835,63532.9922373547,7,Engineering,Master,43.84887232949015,8.632251123915532
32.86011155774491,110481.18028677141,2,Engineering,Bachelor,55.93250929507909,9.282702435154732
34.50536290347567,4136.8400090274745,4,Sales,Bachelor,36.63460676347234,5.0422571961345195
41.74819492166604,65744.56468802963,5,HR,Master,14.506021773004102,5.827873571105429
23.772779784377015,10376.549707763457,4,Engineering,High School,27.695437918639115,7.6788333330242
38.82409746184051,97658.79262842791,4,HR,Master,43.40419006831794,7.26531332444687
36.66452208213056,85480.46073055023,5,Marketing,High School,17.90262210997544,9.016107360449237
39.92451264008149,38912.79171495503,4,Engineering,Master,10.93387831307629,7.446979245310257
37.89168643907818,61935.59716560313,4,HR,Bachelor,38.10396162212674,9.980962374056144
59.55300139910894,18869.407530569824,5,Sales,Bachelor,15.447303479393556,4.136552198484319
28.62260015748684,31854.21433947308,7,HR,Bachelor,48.61440843303739,8.496979680154762
29.690030449981823,86196.69529794813,6,Engineering,Bachelor,29.22914441476454,7.278713405493978
28.768594735752355,30741.31592120413,6,Marketing,Bachelor,52.023229682313975,7.222478006935167
29.445228808397452,22142.639809327815,8,HR,PhD,43.34623410019707,3.93252035360499
28.626128726934823,34081.927704243215,5,Marketing,PhD,31.670345282948098,8.070416131807203
46.89016531107552,88085.5497633712,2,Sales,Bachelor,28.179884430471663,9.103384201128392
49.20504247989855,20414.057023216683,4,HR,Bachelor,29.38046582628187,
29.29253706250524,9543.59594706478,6,HR,Bachelor,11.391536118918138,6.629471534050337
26.676444268957713,62242.17408676418,3,Sales,Master,51.743898658703735,4.529213461924977
39.71415556386404,87428.7386642449,3,Sales,Bachelor,31.559507092690215,9.905933073653893
29.477769557190285,5303.45380490442,5,Sales,Bachelor,41.99808164275314,5.3094953424851346
41.32931817755511,13713.560915406764,5,Engineering,High School,35.106998500975955,3.0548815641724842
37.029230208513,7655.926703041757,6,Engineering,High School,23.548429658335177,4.436718626996493
19.84255885002768,21381.04307780281,2,HR,Bachelor,8.307485392694703,6.884545508349636
50.47505201330061,29923.767396010608,6,HR,Master,18.94344718302734,1.6848043421461865
52.95877673095522,69080.53472419114,4,HR,Bachelor,42.63908814254071,6.432417281991138
28.872113095156138,52655.31627677508,3,Marketing,PhD,12.899991567875515,9.381022832610082
31.12298440064016,48501.53076744655,4,Sales,Master,16.51349004207813,8.653265088920655
37.85865390724905,21722.16857034855,2,HR,Bachelor,6.376384841014167,1.6090618299218504
38.34456789987025,92083.49225171542,6,Sales,PhD,18.241140087399117,9.940508908651614
41.5854427267283,31865.492202196307,8,Engineering,Bachelor,34.01717034721911,7.288542313334912
55.102045387663495,193412.12082974456,5,Sales,Bachelor,10.903634276822588,2.460527418826213
33.2305277250595,50275.51885048863,6,Marketing,Bachelor,4.658885603748895,1.1117448025248113
27.017027554615463,6748.892859051263,5,Marketing,Master,14.122359760638355,2.541543726629362
21.20680771985473,56377.997225537765,5,Sales,Bachelor,21.870872006762003,8.543583286171646
27.69069960058081,19659.834845980513,6,Marketing,Bachelor,13.728152658097665,1.1947539245064736
34.66873027126203,57970.24320124432,4,Marketing,Bachelor,34.1004381047683,3.098325732562779
52.94557863517788,3609.245253477216,4,Engineering,Bachelor,34.82194284393344,7.8157503580138785
29.823887009638284,9611.409522956075,5,HR,PhD,5.557344460500812,6.274994823083216
37.237879516388986,96805.95255090651,5,Marketing,Bachelor,1.6106789167766353,8.044621393241727
34.83577103927248,12885.427165339244,4,HR,Bachelor,26.340821371900468,7.715354534441092
46.88393273448084,90712.8706056416,4,Sales,Master,55.67352254403113,1.4554124840962426
60.26932425873622,16374.956968937366,7,Sales,PhD,7.6882254505243175,9.032602771847364
29.691312270796793,51484.43838751174,5,Marketing,High School,22.925635297133958,3.0432865085404184
30.10560557481778,59233.11842148194,4,Sales,Master,25.29818143154895,5.980531962067873
45.44160877069072,35939.12406442747,3,Engineering,Bachelor,28.33112423395101,6.798593408750009
41.81891489626312,18214.527509449104,9,Marketing,PhD,4.970127550955027,2.5176538979658583
53.46707325736034,11953.76300823429,6,Marketing,Master,18.00665036793619,9.78608131030877
40.839281853259635,1687.630960528036,6,Marketing,Bachelor,25.477293296294345,5.393403604785781
31.407079092129404,18116.430595060465,4,Sales,High School,36.894793295675484,1.518784260376541
40.90654830692309,52944.987304611,7,Sales,Bachelor,41.75469375490078,9.435358403000563
46.087035805829075,139277.4722954687,6,Marketing,High School,18.066449150761606,6.276410588739413
43.204821811973645,102476.46330481996,6,HR,High School,39.12929924657881,7.292738781832387
40.07274031107298,72635.5512373689,2,Sales,Master,20.502627452979173,5.7265821094080165
45.666746895891535,77664.06717068507,6,Sales,High School,38.43849851858675,8.512641592992708
46.692955904456724,54678.98419608366,4,Marketing,PhD,27.058517901745294,1.298201159738898
48.82158991037527,15074.64066486351,7,HR,Bachelor,24.72992033577751,3.41540528749433
41.48709887589643,118862.75460975453,8,Marketing,Master,42.90487298942557,5.22683520762423
33.328819196831454,55544.210871003444,6,Sales,Bachelor,33.66238427875718,1.6894325468233904
36.46713686433323,41099.12439431902,3,Marketing,Bachelor,54.73356872710563,7.353160023939925
47.06508966508357,5882.309894213233,4,Marketing,PhD,15.245742108426564,4.542970726500767
26.83064329012764,29624.886169196856,5,Marketing,Bachelor,18.11045917017166,3.4540119124132964
38.686733088729014,30842.49124014978,3,HR,Bachelor,13.75311267474608,1.0304096212757106
31.066611876726395,99962.65959284821,5,Marketing,Master,7.774929943479132,7.4784728057495835
35.28744822934817,39554.344949288214,8,Sales,High School,26.755577332579268,8.504283779855756
47.78451862607299,23934.102822378925,8,Marketing,Bachelor,24.407179297677718,4.555364821133486
36.910990680199035,188180.85801761693,5,HR,Bachelor,19.86950141259034,6.07796179330029
35.46436548156149,5867.189981337925,5,Engineering,Bachelor,8.466265303513138,3.0491796333663856
21.401438590200808,27456.534932566752,8,HR,Master,40.30554976194281,6.599778816521198
42.46253566027221,2146.6629153440704,5,Marketing,Bachelor,22.862384735943593,
41.45484181141075,67335.24748315729,4,Engineering,Master,49.17958143634181,5.397795073888826
56.6325472330546,125098.5015581939,3,Marketing,Bachelor,11.75384802629038,6.79784933656623
31.922217650469992,16427.79574570097,7,HR,Bachelor,20.49926017282553,9.263725959067607
37.19150327663939,97716.86477564147,4,Engineering,High School,34.56138133137987,4.432022354100559
37.49383683710755,17280.973395914967,4,Engineering,Bachelor,50.01871542332979,7.886711826829268
50.77453279763475,120826.98923069854,5,Marketing,Master,32.46600737657139,6.379183269491507
34.047044676130476,70113.44458060847,3,Marketing,Bachelor,52.55209734981457,9.343109016325725
37.790215257703395,81713.88835882193,5,HR,Master,71.16062899224455,4.5853990809348755
41.078965097165394,908.5323207082231,4,Marketing,Master,44.270759438356414,3.871858058856892
36.86609123156358,164586.24862181986,6,Engineering,Bachelor,19.466455526350398,8.984277988247294
30.535663854494718,64853.952608234154,5,Sales,Bachelor,62.4941384551761,1.443199612674602
36.94089992898308,18174.268069886148,5,Sales,Bachelor,17.31051511973776,2.2274685364030913
45.73631749859772,88420.11858024538,2,HR,Master,22.226920248424545,1.7416399112564
24.7348470058894,16530.953880365956,5,Marketing,PhD,49.62997707141022,8.587989609187623
36.32969674146876,103081.58987072083,3,HR,Master,28.62991375383747,1.0954668103328746
27.998791850608267,5971.867124054711,3,Sales,Master,28.481567937678225,8.754914399473433
46.950466289248425,60816.77500220933,5,Sales,Bachelor,8.372146487100624,5.061410158341402
19.768130952162252,38902.418548362766,4,Marketing,Bachelor,21.9038634354384,
29.410781527284115,5075.866076325477,3,Engineering,Bachelor,34.73037876157885,4.6148065949083765
38.772118750645205,13846.59174441507,4,Marketing,Bachelor,20.1928988943972,2.6812075694053203
50.65524029234341,624.080423751401,2,Sales,Bachelor,25.52384019590394,6.619604387249467
34.34249738927012,31627.8188330141,6,Engineering,Master,50.047562816025405,7.114229109294819
29.448004733068018,17924.20474185972,7,HR,Master,44.07464892692659,5.387748133644998
53.8115706944059,45609.6425207786,3,Sales,High School,8.678495509203081,1.3646757289570297
20.51986099583756,17636.835997261835,5,HR,Bachelor,20.28667824694035,6.905159239304817
13.011940433799182,17827.969781233704,4,Engineering,Master,28.850545106033216,8.578349052449692
39.40014450053332,67971.56114135131,6,HR,High School,61.32410977968061,7.482918495937613
29.979457756473888,2467.014661997768,6,Sales,Master,40.13297362846464,8.469621270597866
24.78767182869287,116598.11810955894,2,Marketing,Bachelor,18.94808144101669,2.804585711957987
42.08356447299353,95616.37658070381,2,HR,Bachelor,18.926546210747908,8.999991456908344
37.43800713771199,55101.6089756706,5,Sales,Bachelor,3.0525144480643402,3.899741055831665
29.359213692632714,44974.332003817006,2,Sales,Bachelor,84.49393803434533,1.1206433282679193
22.196956013291057,111421.44452215279,7,Engineering,PhD,18.922916363178736,
43.724573282801444,10248.61880419944,4,Sales,Bachelor,16.052965071719072,9.47639142068254
41.50201177958661,4113.088016205121,5,Marketing,Bachelor,38.612473548671,6.900023776756139
34.00824136220617,13689.627001715946,7,Marketing,PhD,35.892958207003794,3.082929674170822
53.466369960476655,79134.5117931367,5,HR,PhD,4.820166890094002,3.2657001785427733
24.299152336738473,1764.2771747663253,7,HR,Master,52.63555174915216,5.199335860920575
19.74474829075261,43710.296960978354,1,HR,Master,15.92057388481888,9.080479716412775
28.080919301187556,269494.40544300416,3,HR,Bachelor,22.28967038497635,2.3463789053280255
34.54413983644502,96791.68719178844,4,Marketing,Bachelor,64.63903300210974,8.433763026251382
37.43339449322692,36849.278600440884,9,Engineering,Bachelor,5.417940231829003,3.621725278346353
32.5876394214367,3287.8116076265756,4,HR,Master,29.37539594143235,8.277275524861881
38.520553965142966,89003.45771633697,5,Engineering,High School,26.824101766422647,9.282440778413848
22.48460575809556,45687.012877185276,6,Sales,Bachelor,8.311427672945456,4.847444847948882
49.437646040732595,6104.596365140865,6,Sales,Master,15.809285358717004,4.285455886949777
34.178488216074314,4927.923153723075,3,HR,Bachelor,24.901885002751882,8.219991870741715
46.172958315881274,120190.38653921694,3,Sales,Master,23.42165415543505,5.765345941414546
38.42725346377704,55312.10553440256,5,Engineering,Bachelor,22.00510159535976,7.160041436168774
39.567532191537836,88388.51597612024,7,Engineering,Bachelor,10.362922978395586,6.605463132650616
40.69767280232204,105589.51853774708,6,Sales,High School,49.6233396048682,2.375999610803167
39.47708560017315,42405.01685324601,6,HR,Master,53.985829192835986,8.603113242606055
41.42722759867544,36433.158815578936,4,Engineering,Master,11.518794313357231,2.761976002718226
48.29152530132431,28143.452104728716,7,Engineering,Bachelor,17.138231627702805,9.390539296637026
36.9652116970147,19059.111005669158,4,Marketing,Bachelor,19.018838788975625,3.2551416227993304
42.09003757588512,28510.73449415669,8,HR,Bachelor,32.38853886802373,7.604928759463677
34.102643057127736,74334.3962333363,5,Marketing,High School,27.35038876920478,3.5618985414423285
49.40117215449473,46055.545390855514,5,Sales,High School,50.93217486631369,3.8600686772817747
28.2360769794073,111524.0552814668,4,Sales,Master,13.979616367904931,
53.00940432910816,29293.6261960972,5,Marketing,Bachelor,48.54521835042943,7.731030286234749
34.59842049355657,46708.681438264444,2,HR,High School,36.961868677751006,6.0113360617245375
20.69224897881952,49889.622984546324,3,Engineering,Master,18.312667796411986,8.946572102627474
36.28104414910789,44787.30653297564,7,Sales,Master,47.59607164569466,3.7663544728364036
28.18948342525119,60639.540627648894,5,HR,Bachelor,31.415867943547855,7.227932698510699
43.406435489887244,13553.275985830638,6,HR,PhD,12.49713200345534,7.776537396967996
28.473760206976092,35909.2798451207,7,Sales,Master,39.708009393169,2.363339017269624
30.538165667852205,5503.289673916542,2,Sales,High School,23.224285245722793,4.6053042158783
16.104592690544692,24266.936874952982,7,HR,PhD,64.57106694868895,5.3453574491537
30.476936807509233,33439.03043343766,5,Engineering,Bachelor,14.718122068317014,4.201186509049369
10.761206733710434,52809.871545964415,5,Marketing,PhD,28.988014218870088,3.899013363722243
19.16097176514277,150320.50656159714,7,Sales,High School,16.714025259162817,7.177779045978777
42.604146561442974,45895.98621665501,6,Marketing,Bachelor,23.5484022858574,
42.85800158650832,68049.6413178296,5,HR,Bachelor,5.108687080073301,7.384516707260159
39.254575617849646,35287.924442783864,0,Marketing,Bachelor,11.002388440177612,9.415397767516575
25.33023856870787,50270.31123587008,7,Engineering,Master,6.691859599557652,6.08677769059976
34.5228864385802,3678.678924806502,5,HR,Bachelor,31.336135701878455,6.502908130655267
34.963974609094315,14677.736194256955,5,Engineering,Master,25.633812377564674,1.6203943191168018
23.416353108074574,22459.338035474524,6,HR,Bachelor,30.680859921207688,8.780292132560454
50.0339830176715,31979.690828360435,8,Engineering,High School,29.64079056711756,
43.77362290575671,2336.1742001170605,4,HR,Bachelor,38.15736795386159,6.535460489757083
32.79035826170336,7542.54552689986,6,Engineering,Bachelor,6.859946837079906,9.812009527703221
35.26885838994531,16204.462705167058,4,HR,Master,4.590971880206608,6.3595234051552705
37.08382807947552,177949.94496157955,1,Engineering,Master,28.318662427060982,7.522385387179398
14.582651315757094,20124.502432205598,3,HR,Bachelor,13.119173497149639,5.007876564013767
32.52822617479403,32892.96513143755,4,Engineering,Bachelor,17.27127120638288,1.5432925916355162
28.180157520022014,10913.87752228215,5,Sales,Bachelor,39.981815065279946,8.178394145408095
24.983799901050844,47180.536256995794,4,Marketing,PhD,22.7532182911388,1.314989571375871
32.18899707114045,16472.671395570604,5,HR,PhD,39.09923542014916,7.305920459990687
52.976865268495224,11596.13492746251,2,Engineering,Master,50.42881717594425,1.2062941583467324
41.4084286126701,36342.70946622103,2,Sales,PhD,28.52315842956066,8.760747129190035
29.28821010217203,276.0505968654886,5,HR,PhD,57.39087701953813,2.4187243224968253
40.72582781356159,384.6776135200151,5,HR,Bachelor,16.177789168944496,5.62844345898296
